State,Gender,Year,Deaths,Population,Crude Rate
Alabama,Female,1999,22603,2293259,985.6
Alabama,Female,2000,22709,2300596,987.1
Alabama,Female,2001,23129,2309496,1001.5
Alabama,Female,2002,23423,2314370,1012.1
Alabama,Female,2003,23812,2324069,1024.6
Alabama,Female,2004,23382,2337857,1000.1
Alabama,Female,2005,23932,2356423,1015.6
Alabama,Female,2006,23614,2385480,989.9
Alabama,Female,2007,23230,2407275,965
Alabama,Female,2008,24031,2430257,988.8
Alabama,Female,2009,23587,2448159,963.5
Alabama,Female,2010,23986,2459548,975.2
Alabama,Female,2011,24070,2473249,973.2
Alabama,Female,2012,24535,2483466,987.9
Alabama,Female,2013,24420,2488375,981.4
Alabama,Female,2014,24773,2499410,991.2
Alabama,Female,2015,25306,2505795,1009.9
Alabama,Female,2016,25618,2507714,1021.6
Alabama,Female,2017,25855,2514911,1028.1
Alabama,Female,2018,26278,2523756,1041.2
Alabama,Female,2019,26020,2533668,1027
Alabama,Male,1999,22203,2136882,1039
Alabama,Male,2000,22353,2146504,1041.4
Alabama,Male,2001,22187,2158138,1028.1
Alabama,Male,2002,22646,2165719,1045.7
Alabama,Male,2003,22904,2179422,1050.9
Alabama,Male,2004,22739,2192872,1037
Alabama,Male,2005,23158,2213382,1046.3
Alabama,Male,2006,23363,2243501,1041.4
Alabama,Male,2007,23466,2265565,1035.8
Alabama,Male,2008,23676,2287949,1034.8
Alabama,Male,2009,23883,2309779,1034
Alabama,Male,2010,24052,2320188,1036.6
Alabama,Male,2011,24611,2329491,1056.5
Alabama,Male,2012,24766,2338557,1059
Alabama,Male,2013,25769,2345347,1098.7
Alabama,Male,2014,25442,2349967,1082.7
Alabama,Male,2015,26603,2353184,1130.5
Alabama,Male,2016,26848,2355586,1139.8
Alabama,Male,2017,27383,2359836,1160.4
Alabama,Male,2018,28074,2364115,1187.5
Alabama,Male,2019,28088,2369517,1185.4
Alaska,Female,1999,1166,301266,387
Alaska,Female,2000,1234,302820,407.5
Alaska,Female,2001,1259,305579,412
Alaska,Female,2002,1272,309633,410.8
Alaska,Female,2003,1377,313034,439.9
Alaska,Female,2004,1291,317807,406.2
Alaska,Female,2005,1363,320920,424.7
Alaska,Female,2006,1485,325121,456.8
Alaska,Female,2007,1501,327138,458.8
Alaska,Female,2008,1516,329412,460.2
Alaska,Female,2009,1603,337002,475.7
Alaska,Female,2010,1597,340603,468.9
Alaska,Female,2011,1623,347526,467
Alaska,Female,2012,1692,350211,483.1
Alaska,Female,2013,1750,349564,500.6
Alaska,Female,2014,1722,349436,492.8
Alaska,Female,2015,1866,349407,534
Alaska,Female,2016,1907,353762,539.1
Alaska,Female,2017,1889,353003,535.1
Alaska,Female,2018,1908,352865,540.7
Alaska,Female,2019,2007,350127,573.2
Alaska,Male,1999,1542,323513,476.6
Alaska,Male,2000,1680,324112,518.3
Alaska,Male,2001,1715,328135,522.7
Alaska,Male,2002,1758,332704,528.4
Alaska,Male,2003,1803,335380,537.6
Alaska,Male,2004,1760,341479,515.4
Alaska,Male,2005,1805,346026,521.6
Alaska,Male,2006,1869,350181,533.7
Alaska,Male,2007,1962,353162,555.6
Alaska,Male,2008,1978,358043,552.4
Alaska,Male,2009,2015,361893,556.8
Alaska,Male,2010,2131,369628,576.5
Alaska,Male,2011,2226,375192,593.3
Alaska,Male,2012,2220,381238,582.3
Alaska,Male,2013,2247,385568,582.8
Alaska,Male,2014,2406,387296,621.2
Alaska,Male,2015,2450,389025,629.8
Alaska,Male,2016,2587,388132,666.5
Alaska,Male,2017,2522,386792,652
Alaska,Male,2018,2545,384573,661.8
Alaska,Male,2019,2606,381418,683.2
Arizona,Female,1999,18797,2518299,746.4
Arizona,Female,2000,19253,2569575,749.3
Arizona,Female,2001,19458,2641676,736.6
Arizona,Female,2002,20202,2704217,747.1
Arizona,Female,2003,20611,2764077,745.7
Arizona,Female,2004,20524,2835606,723.8
Arizona,Female,2005,21818,2930811,744.4
Arizona,Female,2006,22109,3026134,730.6
Arizona,Female,2007,21668,3096998,699.6
Arizona,Female,2008,21658,3155278,686.4
Arizona,Female,2009,21798,3189908,683.3
Arizona,Female,2010,22065,3216194,686.1
Arizona,Female,2011,23081,3258634,708.3
Arizona,Female,2012,23314,3294772,707.6
Arizona,Female,2013,23937,3331505,718.5
Arizona,Female,2014,24239,3387637,715.5
Arizona,Female,2015,25401,3436575,739.1
Arizona,Female,2016,26106,3488176,748.4
Arizona,Female,2017,26750,3527969,758.2
Arizona,Female,2018,27171,3606307,753.4
Arizona,Female,2019,27611,3661420,754.1
Arizona,Male,1999,21253,2505524,848.2
Arizona,Male,2000,21247,2561057,829.6
Arizona,Male,2001,21600,2631801,820.7
Arizona,Male,2002,22614,2692038,840
Arizona,Male,2003,22781,2746287,829.5
Arizona,Male,2004,22674,2816798,805
Arizona,Male,2005,24009,2908266,825.5
Arizona,Male,2006,24256,3003007,807.7
Arizona,Male,2007,23886,3070683,777.9
Arizona,Male,2008,24165,3125084,773.3
Arizona,Male,2009,24018,3153246,761.7
Arizona,Male,2010,24697,3175823,777.7
Arizona,Male,2011,25300,3223871,784.8
Arizona,Male,2012,26235,3258483,805.1
Arizona,Male,2013,26597,3295119,807.2
Arizona,Male,2014,27299,3343847,816.4
Arizona,Male,2015,28898,3391490,852.1
Arizona,Male,2016,30539,3442895,887
Arizona,Male,2017,31008,3488301,888.9
Arizona,Male,2018,32111,3565339,900.6
Arizona,Male,2019,32625,3617297,901.9
Arkansas,Female,1999,13911,1359445,1023.3
Arkansas,Female,2000,14139,1368707,1033
Arkansas,Female,2001,13870,1376845,1007.4
Arkansas,Female,2002,14344,1383239,1037
Arkansas,Female,2003,13911,1391523,999.7
Arkansas,Female,2004,13846,1403048,986.9
Arkansas,Female,2005,13926,1418295,981.9
Arkansas,Female,2006,13777,1438428,957.8
Arkansas,Female,2007,14074,1451358,969.7
Arkansas,Female,2008,14576,1464220,995.5
Arkansas,Female,2009,14046,1475013,952.3
Arkansas,Female,2010,14126,1484281,951.7
Arkansas,Female,2011,14577,1495200,974.9
Arkansas,Female,2012,14832,1500641,988.4
Arkansas,Female,2013,14884,1505782,988.5
Arkansas,Female,2014,14803,1509053,980.9
Arkansas,Female,2015,15304,1515348,1009.9
Arkansas,Female,2016,15325,1520375,1008
Arkansas,Female,2017,15869,1528215,1038.4
Arkansas,Female,2018,15547,1533682,1013.7
Arkansas,Female,2019,15641,1536188,1018.2
Arkansas,Male,1999,14014,1292415,1084.3
Arkansas,Male,2000,14078,1304693,1079
Arkansas,Male,2001,13889,1314726,1056.4
Arkansas,Male,2002,14169,1322688,1071.2
Arkansas,Male,2003,14007,1333293,1050.6
Arkansas,Male,2004,13682,1346638,1016
Arkansas,Male,2005,14129,1362802,1036.8
Arkansas,Male,2006,14124,1383333,1021
Arkansas,Male,2007,14117,1397292,1010.3
Arkansas,Male,2008,14746,1410334,1045.6
Arkansas,Male,2009,14627,1421830,1028.7
Arkansas,Male,2010,14790,1431637,1033.1
Arkansas,Male,2011,15076,1442779,1044.9
Arkansas,Male,2012,15285,1448490,1055.2
Arkansas,Male,2013,15553,1453591,1070
Arkansas,Male,2014,15664,1457316,1074.9
Arkansas,Male,2015,16313,1462856,1115.1
Arkansas,Male,2016,16431,1467873,1119.4
Arkansas,Male,2017,16719,1476064,1132.7
Arkansas,Male,2018,16789,1480143,1134.3
Arkansas,Male,2019,17247,1481616,1164.1
California,Female,1999,114895,16800161,683.9
California,Female,2000,114792,16996756,675.4
California,Female,2001,117315,17294223,678.3
California,Female,2002,117020,17498462,668.7
California,Female,2003,119179,17709509,673
California,Female,2004,115547,17871415,646.5
California,Female,2005,117342,17996230,652
California,Female,2006,117114,18097471,647.1
California,Female,2007,115160,18214926,632.2
California,Female,2008,116277,18396972,632
California,Female,2009,114332,18583075,615.2
California,Female,2010,115638,18736126,617.2
California,Female,2011,118378,18943585,624.9
California,Female,2012,119151,19122866,623.1
California,Female,2013,121219,19268325,629.1
California,Female,2014,119502,19533596,611.8
California,Female,2015,126124,19701750,640.2
California,Female,2016,126980,19756656,642.7
California,Female,2017,129687,19889100,652.1
California,Female,2018,128703,19893468,647
California,Female,2019,128135,19867369,645
California,Male,1999,114485,16699043,685.6
California,Male,2000,114759,16874892,680.1
California,Male,2001,116729,17185235,679.2
California,Male,2002,117545,17373381,676.6
California,Male,2003,120192,17543650,685.1
California,Male,2004,116978,17703161,660.8
California,Male,2005,119695,17831713,671.2
California,Male,2006,120012,17923731,669.6
California,Male,2007,118560,18035385,657.4
California,Male,2008,118489,18207365,650.8
California,Male,2009,118404,18378154,644.3
California,Male,2010,118374,18517830,639.2
California,Male,2011,121564,18748327,648.4
California,Male,2012,123403,18918564,652.3
California,Male,2013,127140,19064196,666.9
California,Male,2014,126427,19268904,656.1
California,Male,2015,133082,19443068,684.5
California,Male,2016,135260,19493361,693.9
California,Male,2017,138502,19647553,704.9
California,Male,2018,140115,19663577,712.6
California,Male,2019,141696,19644854,721.3
Colorado,Female,1999,13622,2101358,648.2
Colorado,Female,2000,13750,2135278,643.9
Colorado,Female,2001,14411,2195705,656.3
Colorado,Female,2002,14581,2228665,654.2
Colorado,Female,2003,14903,2253214,661.4
Colorado,Female,2004,14002,2274511,615.6
Colorado,Female,2005,14729,2308238,638.1
Colorado,Female,2006,14841,2352960,630.7
Colorado,Female,2007,14846,2396433,619.5
Colorado,Female,2008,15466,2439060,634.1
Colorado,Female,2009,15413,2480710,621.3
Colorado,Female,2010,15612,2508534,622.4
Colorado,Female,2011,16037,2549601,629
Colorado,Female,2012,16297,2583877,630.7
Colorado,Female,2013,16571,2621921,632
Colorado,Female,2014,17172,2664707,644.4
Colorado,Female,2015,17659,2712811,650.9
Colorado,Female,2016,17889,2754727,649.4
Colorado,Female,2017,18398,2784821,660.7
Colorado,Female,2018,18298,2827696,647.1
Colorado,Female,2019,18793,2857388,657.7
Colorado,Male,1999,13492,2124660,635
Colorado,Male,2000,13538,2165983,625
Colorado,Male,2001,13883,2229982,622.6
Colorado,Male,2002,14629,2261741,646.8
Colorado,Male,2003,14603,2275518,641.7
Colorado,Male,2004,14307,2300502,621.9
Colorado,Male,2005,14898,2323650,641.1
Colorado,Male,2006,14680,2367463,620.1
Colorado,Male,2007,15147,2407435,629.2
Colorado,Male,2008,15808,2450670,645
Colorado,Male,2009,15760,2491485,632.6
Colorado,Male,2010,15853,2520662,628.9
Colorado,Male,2011,16526,2567195,643.7
Colorado,Male,2012,16836,2603705,646.6
Colorado,Male,2013,17141,2646446,647.7
Colorado,Male,2014,18065,2691159,671.3
Colorado,Male,2015,18690,2743763,681.2
Colorado,Male,2016,19641,2785818,705
Colorado,Male,2017,19665,2822333,696.8
Colorado,Male,2018,20228,2867868,705.3
Colorado,Male,2019,20597,2901348,709.9
Connecticut,Female,1999,15481,1747148,886.1
Connecticut,Female,2000,15882,1756246,904.3
Connecticut,Female,2001,15992,1768959,904
Connecticut,Female,2002,15796,1780500,887.2
Connecticut,Female,2003,15624,1793468,871.2
Connecticut,Female,2004,15384,1798078,855.6
Connecticut,Female,2005,15617,1802068,866.6
Connecticut,Female,2006,15436,1807675,853.9
Connecticut,Female,2007,15090,1811617,833
Connecticut,Female,2008,15180,1820749,833.7
Connecticut,Female,2009,15158,1828779,828.9
Connecticut,Female,2010,14999,1834483,817.6
Connecticut,Female,2011,15442,1835893,841.1
Connecticut,Female,2012,15279,1840431,830.2
Connecticut,Female,2013,15406,1841929,836.4
Connecticut,Female,2014,15476,1842128,840.1
Connecticut,Female,2015,15870,1839139,862.9
Connecticut,Female,2016,15558,1830837,849.8
Connecticut,Female,2017,16127,1836384,878.2
Connecticut,Female,2018,15879,1829270,868.1
Connecticut,Female,2019,15923,1825870,872.1
Connecticut,Male,1999,13965,1639253,851.9
Connecticut,Male,2000,14247,1649319,863.8
Connecticut,Male,2001,13835,1663876,831.5
Connecticut,Male,2002,14326,1678249,853.6
Connecticut,Male,2003,14003,1690868,828.2
Connecticut,Male,2004,13930,1698016,820.4
Connecticut,Male,2005,13850,1704888,812.4
Connecticut,Male,2006,13824,1709785,808.5
Connecticut,Male,2007,13561,1715653,790.4
Connecticut,Male,2008,13614,1724830,789.3
Connecticut,Male,2009,13427,1733028,774.8
Connecticut,Male,2010,13693,1739614,787.1
Connecticut,Male,2011,14084,1744816,807.2
Connecticut,Male,2012,14037,1749916,802.2
Connecticut,Male,2013,14226,1754151,811
Connecticut,Male,2014,14384,1754549,819.8
Connecticut,Male,2015,14665,1751747,837.2
Connecticut,Male,2016,14985,1745615,858.4
Connecticut,Male,2017,15185,1751800,866.8
Connecticut,Male,2018,15351,1743395,880.5
Connecticut,Male,2019,15822,1739417,909.6
Delaware,Female,1999,3324,398732,833.6
Delaware,Female,2000,3504,403059,869.4
Delaware,Female,2001,3660,409349,894.1
Delaware,Female,2002,3487,414652,840.9
Delaware,Female,2003,3561,420802,846.2
Delaware,Female,2004,3525,427320,824.9
Delaware,Female,2005,3763,435227,864.6
Delaware,Female,2006,3614,442766,816.2
Delaware,Female,2007,3649,449398,812
Delaware,Female,2008,3857,455481,846.8
Delaware,Female,2009,3798,459795,826
Delaware,Female,2010,3818,462995,824.6
Delaware,Female,2011,3958,467299,847
Delaware,Female,2012,4017,472734,849.7
Delaware,Female,2013,3934,477802,823.4
Delaware,Female,2014,4068,482925,842.4
Delaware,Female,2015,4208,488125,862.1
Delaware,Female,2016,4277,491395,870.4
Delaware,Female,2017,4427,496425,891.8
Delaware,Female,2018,4511,499244,903.6
Delaware,Female,2019,4376,502971,870
Delaware,Male,1999,3342,376258,888.2
Delaware,Male,2000,3371,380541,885.8
Delaware,Male,2001,3452,386350,893.5
Delaware,Male,2002,3374,391517,861.8
Delaware,Male,2003,3509,397201,883.4
Delaware,Male,2004,3618,403483,896.7
Delaware,Male,2005,3709,409923,904.8
Delaware,Male,2006,3590,416502,861.9
Delaware,Male,2007,3678,422351,870.8
Delaware,Male,2008,3765,428393,878.9
Delaware,Male,2009,3736,431935,864.9
Delaware,Male,2010,3888,434939,893.9
Delaware,Male,2011,3887,439836,883.7
Delaware,Male,2012,3858,444358,868.2
Delaware,Male,2013,4033,447947,900.3
Delaware,Male,2014,4192,452689,926
Delaware,Male,2015,4374,457809,955.4
Delaware,Male,2016,4597,460670,997.9
Delaware,Male,2017,4751,465514,1020.6
Delaware,Male,2018,4922,467927,1051.9
Delaware,Male,2019,4926,470793,1046.3
District of Columbia,Female,1999,2967,301797,983.1
District of Columbia,Female,2000,2972,302693,981.9
District of Columbia,Female,2001,2884,303740,949.5
District of Columbia,Female,2002,2810,303146,926.9
District of Columbia,Female,2003,2696,300607,896.9
District of Columbia,Female,2004,2669,300284,888.8
District of Columbia,Female,2005,2681,299613,894.8
District of Columbia,Female,2006,2622,301322,870.2
District of Columbia,Female,2007,2596,302949,856.9
District of Columbia,Female,2008,2514,306265,820.9
District of Columbia,Female,2009,2335,311828,748.8
District of Columbia,Female,2010,2398,317501,755.3
District of Columbia,Female,2011,2357,325775,723.5
District of Columbia,Female,2012,2387,333282,716.2
District of Columbia,Female,2013,2377,340199,698.7
District of Columbia,Female,2014,2394,346293,691.3
District of Columbia,Female,2015,2375,353627,671.6
District of Columbia,Female,2016,2433,357940,679.7
District of Columbia,Female,2017,2467,364773,676.3
District of Columbia,Female,2018,2457,369148,665.6
District of Columbia,Female,2019,2393,371038,644.9
District of Columbia,Male,1999,3109,268416,1158.3
District of Columbia,Male,2000,3029,269366,1124.5
District of Columbia,Male,2001,3067,270764,1132.7
District of Columbia,Male,2002,3041,270012,1126.2
District of Columbia,Male,2003,2877,267895,1073.9
District of Columbia,Male,2004,2785,267470,1041.2
District of Columbia,Male,2005,2802,267523,1047.4
District of Columbia,Male,2006,2722,269359,1010.5
District of Columbia,Male,2007,2592,271455,954.9
District of Columbia,Male,2008,2626,273971,958.5
District of Columbia,Male,2009,2499,280400,891.2
District of Columbia,Male,2010,2274,284222,800.1
District of Columbia,Male,2011,2232,292221,763.8
District of Columbia,Male,2012,2263,299041,756.8
District of Columbia,Male,2013,2342,306250,764.7
District of Columbia,Male,2014,2329,312600,745
District of Columbia,Male,2015,2496,318601,783.4
District of Columbia,Male,2016,2604,323230,805.6
District of Columbia,Male,2017,2498,329199,758.8
District of Columbia,Male,2018,2551,333307,765.4
District of Columbia,Male,2019,2534,334711,757.1
Florida,Female,1999,80173,8073847,993
Florida,Female,2000,80309,8184663,981.2
Florida,Female,2001,82095,8372776,980.5
Florida,Female,2002,82304,8541734,963.6
Florida,Female,2003,82236,8697573,945.5
Florida,Female,2004,82464,8902447,926.3
Florida,Female,2005,82641,9117950,906.4
Florida,Female,2006,82089,9280080,884.6
Florida,Female,2007,80823,9378587,861.8
Florida,Female,2008,82041,9465279,866.8
Florida,Female,2009,81537,9534289,855.2
Florida,Female,2010,83574,9611955,869.5
Florida,Female,2011,83686,9736166,859.5
Florida,Female,2012,85580,9869741,867.1
Florida,Female,2013,87437,9990213,875.2
Florida,Female,2014,89094,10170011,876
Florida,Female,2015,90998,10368733,877.6
Florida,Female,2016,93820,10542288,889.9
Florida,Female,2017,96344,10727581,898.1
Florida,Female,2018,97112,10887548,892
Florida,Female,2019,97394,10980681,887
Florida,Male,1999,83051,7685574,1080.6
Florida,Male,2000,84086,7797715,1078.3
Florida,Male,2001,85174,7984190,1066.8
Florida,Male,2002,85510,8147636,1049.5
Florida,Male,2003,86421,8306512,1040.4
Florida,Male,2004,86544,8512871,1016.6
Florida,Male,2005,88150,8724088,1010.4
Florida,Male,2006,87977,8886910,990
Florida,Male,2007,87273,8989255,970.9
Florida,Male,2008,88662,9062026,978.4
Florida,Male,2009,88387,9118355,969.3
Florida,Male,2010,90217,9189355,981.8
Florida,Male,2011,90290,9321376,968.6
Florida,Male,2012,91711,9447827,970.7
Florida,Male,2013,93675,9562647,979.6
Florida,Male,2014,96862,9723286,996.2
Florida,Male,2015,100739,9902539,1017.3
Florida,Male,2016,103493,10070151,1027.7
Florida,Male,2017,107292,10256819,1046.1
Florida,Male,2018,108314,10411777,1040.3
Florida,Male,2019,109608,10497056,1044.2
Georgia,Female,1999,31161,4096031,760.8
Georgia,Female,2000,32389,4159340,778.7
Georgia,Female,2001,32754,4256162,769.6
Georgia,Female,2002,33147,4327934,765.9
Georgia,Female,2003,33898,4394952,771.3
Georgia,Female,2004,33135,4463524,742.4
Georgia,Female,2005,33646,4555263,738.6
Georgia,Female,2006,33920,4670606,726.2
Georgia,Female,2007,34085,4777572,713.4
Georgia,Female,2008,35089,4856984,722.4
Georgia,Female,2009,34893,4917756,709.5
Georgia,Female,2010,35696,4958482,719.9
Georgia,Female,2011,35914,5012403,716.5
Georgia,Female,2012,36406,5068921,718.2
Georgia,Female,2013,37042,5110806,724.8
Georgia,Female,2014,37970,5170356,734.4
Georgia,Female,2015,39415,5234978,752.9
Georgia,Female,2016,39738,5289906,751.2
Georgia,Female,2017,40569,5353872,757.8
Georgia,Female,2018,41608,5404059,769.9
Georgia,Female,2019,41722,5456999,764.6
Georgia,Male,1999,30867,3949934,781.5
Georgia,Male,2000,31481,4027113,781.7
Georgia,Male,2001,31731,4120876,770
Georgia,Male,2002,32302,4180322,772.7
Georgia,Male,2003,32580,4227841,770.6
Georgia,Male,2004,32683,4305728,759.1
Georgia,Male,2005,33090,4370659,757.1
Georgia,Male,2006,33888,4485207,755.6
Georgia,Male,2007,34246,4572416,749
Georgia,Male,2008,34551,4647859,743.4
Georgia,Male,2009,34819,4703090,740.3
Georgia,Male,2010,35567,4729171,752.1
Georgia,Male,2011,35334,4802807,735.7
Georgia,Male,2012,36441,4851024,751.2
Georgia,Male,2013,38046,4881361,779.4
Georgia,Male,2014,38917,4926987,789.9
Georgia,Male,2015,40527,4979882,813.8
Georgia,Male,2016,41690,5020465,830.4
Georgia,Male,2017,42529,5075507,837.9
Georgia,Male,2018,43594,5115416,852.2
Georgia,Male,2019,44092,5160424,854.4
Hawaii,Female,1999,3554,601830,590.5
Hawaii,Female,2000,3641,602866,603.9
Hawaii,Female,2001,3778,609189,620.2
Hawaii,Female,2002,3944,616192,640.1
Hawaii,Female,2003,3979,623753,637.9
Hawaii,Female,2004,4044,636864,635
Hawaii,Female,2005,4147,644813,643.1
Hawaii,Female,2006,4300,652351,659.2
Hawaii,Female,2007,4339,657185,660.2
Hawaii,Female,2008,4336,665313,651.7
Hawaii,Female,2009,4480,673075,665.6
Hawaii,Female,2010,4344,679058,639.7
Hawaii,Female,2011,4602,685005,671.8
Hawaii,Female,2012,4793,690348,694.3
Hawaii,Female,2013,4911,694440,707.2
Hawaii,Female,2014,5059,701462,721.2
Hawaii,Female,2015,5243,706231,742.4
Hawaii,Female,2016,5117,710942,719.7
Hawaii,Female,2017,5294,711451,744.1
Hawaii,Female,2018,5330,709489,751.2
Hawaii,Female,2019,5377,707832,759.6
Hawaii,Male,1999,4716,608470,775.1
Hawaii,Male,2000,4649,608671,763.8
Hawaii,Male,2001,4616,616759,748.4
Hawaii,Male,2002,4857,623421,779.1
Hawaii,Male,2003,4999,627401,796.8
Hawaii,Male,2004,4986,636705,783.1
Hawaii,Male,2005,4989,647916,770
Hawaii,Male,2006,5132,657380,780.7
Hawaii,Male,2007,5156,658490,783
Hawaii,Male,2008,5165,666900,774.5
Hawaii,Male,2009,5434,673642,806.7
Hawaii,Male,2010,5273,681243,774
Hawaii,Male,2011,5321,689805,771.4
Hawaii,Male,2012,5481,701965,780.8
Hawaii,Male,2013,5594,709614,788.3
Hawaii,Male,2014,5708,718099,794.9
Hawaii,Male,2015,5810,725372,801
Hawaii,Male,2016,5796,717615,807.7
Hawaii,Male,2017,6096,716087,851.3
Hawaii,Male,2018,6085,711002,855.8
Hawaii,Male,2019,6182,708040,873.1
Idaho,Female,1999,4651,636798,730.4
Idaho,Female,2000,4782,645293,741.1
Idaho,Female,2001,4774,658043,725.5
Idaho,Female,2002,4912,668686,734.6
Idaho,Female,2003,5152,679877,757.8
Idaho,Female,2004,4953,693186,714.5
Idaho,Female,2005,5163,711983,725.2
Idaho,Female,2006,5183,732104,708
Idaho,Female,2007,5443,750127,725.6
Idaho,Female,2008,5425,764792,709.3
Idaho,Female,2009,5376,775398,693.3
Idaho,Female,2010,5533,782258,707.3
Idaho,Female,2011,5892,791358,744.5
Idaho,Female,2012,5795,797116,727
Idaho,Female,2013,6027,805052,748.6
Idaho,Female,2014,6119,815968,749.9
Idaho,Female,2015,6176,826183,747.5
Idaho,Female,2016,6430,839608,765.8
Idaho,Female,2017,6645,856485,775.8
Idaho,Female,2018,6726,875131,768.6
Idaho,Female,2019,6892,891137,773.4
Idaho,Male,1999,4928,638876,771.4
Idaho,Male,2000,4781,648660,737.1
Idaho,Male,2001,4979,661919,752.2
Idaho,Male,2002,5011,671686,746
Idaho,Male,2003,5228,683503,764.9
Idaho,Male,2004,5075,698616,726.4
Idaho,Male,2005,5393,716258,752.9
Idaho,Male,2006,5430,736565,737.2
Idaho,Male,2007,5379,754978,712.5
Idaho,Male,2008,5537,769528,719.5
Idaho,Male,2009,5722,779041,734.5
Idaho,Male,2010,5896,785324,750.8
Idaho,Male,2011,6135,793627,773
Idaho,Male,2012,6203,798612,776.7
Idaho,Male,2013,6407,807084,793.8
Idaho,Male,2014,6494,818496,793.4
Idaho,Male,2015,6850,828747,826.5
Idaho,Male,2016,6936,843532,822.3
Idaho,Male,2017,7366,860458,856.1
Idaho,Male,2018,7535,879077,857.1
Idaho,Male,2019,7538,895928,841.4
Illinois,Female,1999,55849,6313350,884.6
Illinois,Female,2000,55204,6338957,870.9
Illinois,Female,2001,54655,6370443,857.9
Illinois,Female,2002,55181,6387897,863.8
Illinois,Female,2003,54705,6402859,854.4
Illinois,Female,2004,53386,6414209,832.3
Illinois,Female,2005,54076,6423831,841.8
Illinois,Female,2006,52785,6440022,819.6
Illinois,Female,2007,52050,6467577,804.8
Illinois,Female,2008,53444,6493537,823
Illinois,Female,2009,51286,6520723,786.5
Illinois,Female,2010,51006,6538356,780.1
Illinois,Female,2011,52053,6555063,794.1
Illinois,Female,2012,51930,6555800,792.1
Illinois,Female,2013,52422,6555652,799.6
Illinois,Female,2014,53203,6559694,811.1
Illinois,Female,2015,53990,6545500,824.8
Illinois,Female,2016,53572,6509748,823
Illinois,Female,2017,54786,6509545,841.6
Illinois,Female,2018,54640,6480179,843.2
Illinois,Female,2019,53633,6445263,832.1
Illinois,Male,1999,52587,6045670,869.8
Illinois,Male,2000,51430,6080336,845.8
Illinois,Male,2001,50775,6118002,829.9
Illinois,Male,2002,51486,6137659,838.9
Illinois,Male,2003,50620,6153147,822.7
Illinois,Male,2004,49284,6175564,798
Illinois,Male,2005,49898,6186072,806.6
Illinois,Male,2006,49386,6203933,796
Illinois,Male,2007,48453,6228289,778
Illinois,Male,2008,50027,6253501,800
Illinois,Male,2009,48770,6276055,777.1
Illinois,Male,2010,48925,6292276,777.5
Illinois,Male,2011,49853,6314194,789.5
Illinois,Male,2012,50503,6319455,799.2
Illinois,Male,2013,50979,6326483,805.8
Illinois,Male,2014,52090,6320886,824.1
Illinois,Male,2015,52882,6314495,837.5
Illinois,Male,2016,53448,6291791,849.5
Illinois,Male,2017,54935,6292478,873
Illinois,Male,2018,55382,6260901,884.6
Illinois,Male,2019,55463,6226558,890.7
Indiana,Female,1999,28690,3083351,930.5
Indiana,Female,2000,28575,3098011,922.4
Indiana,Female,2001,28308,3120158,907.3
Indiana,Female,2002,28660,3133342,914.7
Indiana,Female,2003,28713,3152366,910.8
Indiana,Female,2004,27876,3168952,879.7
Indiana,Female,2005,28621,3191481,896.8
Indiana,Female,2006,28215,3218203,876.7
Indiana,Female,2007,27604,3241454,851.6
Indiana,Female,2008,28860,3263963,884.2
Indiana,Female,2009,28369,3281477,864.5
Indiana,Female,2010,28625,3294065,869
Indiana,Female,2011,29342,3309937,886.5
Indiana,Female,2012,29799,3319144,897.8
Indiana,Female,2013,30444,3334634,913
Indiana,Female,2014,30408,3347411,908.4
Indiana,Female,2015,31423,3357815,935.8
Indiana,Female,2016,31095,3363491,924.5
Indiana,Female,2017,32383,3379723,958.2
Indiana,Female,2018,32416,3391576,955.8
Indiana,Female,2019,32255,3411859,945.4
Indiana,Male,1999,26613,2961618,898.6
Indiana,Male,2000,26894,2982474,901.7
Indiana,Male,2001,26890,3007602,894.1
Indiana,Male,2002,26736,3022625,884.5
Indiana,Male,2003,27255,3044272,895.3
Indiana,Male,2004,26335,3064055,859.5
Indiana,Male,2005,27054,3087135,876.3
Indiana,Male,2006,27407,3114466,880
Indiana,Male,2007,26396,3138145,841.1
Indiana,Male,2008,27892,3160843,882.4
Indiana,Male,2009,27604,3177848,868.6
Indiana,Male,2010,28118,3189737,881.5
Indiana,Male,2011,28860,3206985,899.9
Indiana,Male,2012,29533,3218190,917.7
Indiana,Male,2013,30272,3236268,935.4
Indiana,Male,2014,30532,3249444,939.6
Indiana,Male,2015,31290,3261865,959.3
Indiana,Male,2016,32378,3269562,990.3
Indiana,Male,2017,33214,3287095,1010.4
Indiana,Male,2018,33277,3300302,1008.3
Indiana,Male,2019,33746,3320360,1016.3
Iowa,Female,1999,15012,1488223,1008.7
Iowa,Female,2000,14722,1490809,987.5
Iowa,Female,2001,14707,1492287,985.5
Iowa,Female,2002,14693,1491450,985.1
Iowa,Female,2003,14798,1493907,990.6
Iowa,Female,2004,14016,1498888,935.1
Iowa,Female,2005,14516,1503019,965.8
Iowa,Female,2006,14422,1511124,954.4
Iowa,Female,2007,14240,1518023,938.1
Iowa,Female,2008,14867,1525539,974.5
Iowa,Female,2009,14331,1532739,935
Iowa,Female,2010,14292,1538036,929.2
Iowa,Female,2011,14610,1544894,945.7
Iowa,Female,2012,14611,1549698,942.8
Iowa,Female,2013,14653,1557015,941.1
Iowa,Female,2014,14814,1564081,947.1
Iowa,Female,2015,15036,1571873,956.6
Iowa,Female,2016,14880,1575574,944.4
Iowa,Female,2017,15273,1580978,966
Iowa,Female,2018,15086,1585338,951.6
Iowa,Female,2019,15271,1583995,964.1
Iowa,Male,1999,13399,1429411,937.4
Iowa,Male,2000,13338,1435515,929.1
Iowa,Male,2001,13084,1439710,908.8
Iowa,Male,2002,13285,1442784,920.8
Iowa,Male,2003,13264,1448092,916
Iowa,Male,2004,12881,1454747,885.4
Iowa,Male,2005,13295,1461435,909.7
Iowa,Male,2006,12940,1471520,879.4
Iowa,Male,2007,12981,1481189,876.4
Iowa,Male,2008,13674,1491195,917
Iowa,Male,2009,13213,1500131,880.8
Iowa,Male,2010,13453,1508319,891.9
Iowa,Male,2011,13574,1517415,894.5
Iowa,Male,2012,13778,1524488,903.8
Iowa,Male,2013,14295,1533401,932.2
Iowa,Male,2014,14376,1543045,931.7
Iowa,Male,2015,14564,1552026,938.4
Iowa,Male,2016,14658,1559119,940.1
Iowa,Male,2017,15257,1564733,975.1
Iowa,Male,2018,15281,1570807,972.8
Iowa,Male,2019,15596,1571075,992.7
Kansas,Female,1999,12750,1356044,940.2
Kansas,Female,2000,12996,1359944,955.6
Kansas,Female,2001,12863,1365966,941.7
Kansas,Female,2002,13152,1371898,958.7
Kansas,Female,2003,12970,1377415,941.6
Kansas,Female,2004,12502,1382396,904.4
Kansas,Female,2005,12771,1387958,920.1
Kansas,Female,2006,12795,1394092,917.8
Kansas,Female,2007,12666,1405705,901
Kansas,Female,2008,12805,1415563,904.6
Kansas,Female,2009,12276,1428139,859.6
Kansas,Female,2010,12291,1437710,854.9
Kansas,Female,2011,12863,1445436,889.9
Kansas,Female,2012,12689,1450624,874.7
Kansas,Female,2013,12908,1452009,889
Kansas,Female,2014,12825,1456666,880.4
Kansas,Female,2015,13451,1458008,922.6
Kansas,Female,2016,13124,1459530,899.2
Kansas,Female,2017,13306,1461167,910.6
Kansas,Female,2018,13665,1461099,935.3
Kansas,Female,2019,13657,1461617,934.4
Kansas,Male,1999,11722,1322294,886.5
Kansas,Male,2000,11721,1328474,882.3
Kansas,Male,2001,11784,1336196,881.9
Kansas,Male,2002,11869,1341637,884.7
Kansas,Male,2003,11623,1345589,863.8
Kansas,Male,2004,11316,1351977,837
Kansas,Male,2005,11911,1357341,877.5
Kansas,Male,2006,11758,1368839,859
Kansas,Male,2007,11825,1378080,858.1
Kansas,Male,2008,12170,1392513,874
Kansas,Male,2009,11748,1404565,836.4
Kansas,Male,2010,12211,1415408,862.7
Kansas,Male,2011,12253,1425802,859.4
Kansas,Male,2012,12456,1435281,867.8
Kansas,Male,2013,12506,1441948,867.3
Kansas,Male,2014,12968,1447355,896
Kansas,Male,2015,13213,1453633,909
Kansas,Male,2016,13121,1447759,906.3
Kansas,Male,2017,13757,1451956,947.5
Kansas,Male,2018,13872,1450406,956.4
Kansas,Male,2019,14025,1451697,966.1
Kentucky,Female,1999,19873,2056401,966.4
Kentucky,Female,2000,20058,2066401,970.7
Kentucky,Female,2001,20270,2076871,976
Kentucky,Female,2002,20551,2087223,984.6
Kentucky,Female,2003,20334,2102308,967.2
Kentucky,Female,2004,19478,2112051,922.2
Kentucky,Female,2005,20213,2129658,949.1
Kentucky,Female,2006,20024,2149096,931.7
Kentucky,Female,2007,20070,2164210,927.4
Kentucky,Female,2008,20688,2183532,947.5
Kentucky,Female,2009,20785,2193136,947.7
Kentucky,Female,2010,20843,2204415,945.5
Kentucky,Female,2011,21164,2219482,953.6
Kentucky,Female,2012,21701,2222704,976.3
Kentucky,Female,2013,21493,2231899,963
Kentucky,Female,2014,21846,2240299,975.1
Kentucky,Female,2015,22577,2245998,1005.2
Kentucky,Female,2016,23417,2250421,1040.6
Kentucky,Female,2017,23456,2259871,1037.9
Kentucky,Female,2018,23627,2266891,1042.3
Kentucky,Female,2019,23672,2266644,1044.4
Kentucky,Male,1999,19448,1961652,991.4
Kentucky,Male,2000,19446,1975368,984.4
Kentucky,Male,2001,19591,1991261,983.8
Kentucky,Male,2002,20146,2002652,1006
Kentucky,Male,2003,19907,2014862,988
Kentucky,Male,2004,19168,2034050,942.4
Kentucky,Male,2005,20010,2053084,974.6
Kentucky,Male,2006,20078,2070143,969.9
Kentucky,Male,2007,20020,2092462,956.8
Kentucky,Male,2008,20641,2106346,979.9
Kentucky,Male,2009,20595,2123938,969.7
Kentucky,Male,2010,21140,2134952,990.2
Kentucky,Male,2011,21462,2149874,998.3
Kentucky,Male,2012,21963,2157711,1017.9
Kentucky,Male,2013,22266,2163396,1029.2
Kentucky,Male,2014,22992,2173158,1058
Kentucky,Male,2015,23987,2179094,1100.8
Kentucky,Male,2016,24410,2186553,1116.4
Kentucky,Male,2017,24756,2194318,1128.2
Kentucky,Male,2018,25080,2201511,1139.2
Kentucky,Male,2019,25318,2201029,1150.3
Louisiana,Female,1999,20596,2302744,894.4
Louisiana,Female,2000,20655,2306073,895.7
Louisiana,Female,2001,20938,2308063,907.2
Louisiana,Female,2002,20999,2315524,906.9
Louisiana,Female,2003,21412,2327153,920.1
Louisiana,Female,2004,20960,2338753,896.2
Louisiana,Female,2005,22152,2349441,942.9
Louisiana,Female,2006,19625,2204072,890.4
Louisiana,Female,2007,19741,2239125,881.6
Louisiana,Female,2008,20352,2269630,896.7
Louisiana,Female,2009,19664,2295199,856.7
Louisiana,Female,2010,19862,2314080,858.3
Louisiana,Female,2011,20061,2336467,858.6
Louisiana,Female,2012,20646,2349843,878.6
Louisiana,Female,2013,21017,2361537,890
Louisiana,Female,2014,21299,2375737,896.5
Louisiana,Female,2015,20880,2386915,874.8
Louisiana,Female,2016,21301,2392296,890.4
Louisiana,Female,2017,21966,2394887,917.2
Louisiana,Female,2018,22100,2385219,926.5
Louisiana,Female,2019,21992,2381744,923.4
Louisiana,Male,1999,20642,2158067,956.5
Louisiana,Male,2000,20483,2162903,947
Louisiana,Male,2001,20819,2169812,959.5
Louisiana,Male,2002,20985,2181743,961.8
Louisiana,Male,2003,21307,2193889,971.2
Louisiana,Male,2004,21255,2213485,960.3
Louisiana,Male,2005,22203,2227187,996.9
Louisiana,Male,2006,20420,2098593,973
Louisiana,Male,2007,20225,2136456,946.7
Louisiana,Male,2008,20868,2165956,963.5
Louisiana,Male,2009,20618,2196449,938.7
Louisiana,Male,2010,20805,2219292,937.5
Louisiana,Male,2011,20829,2238369,930.5
Louisiana,Male,2012,21674,2252050,962.4
Louisiana,Male,2013,22253,2263933,982.9
Louisiana,Male,2014,22570,2273939,992.6
Louisiana,Male,2015,22836,2283809,999.9
Louisiana,Male,2016,23005,2289370,1004.9
Louisiana,Male,2017,23838,2289446,1041.2
Louisiana,Male,2018,23948,2274759,1052.8
Louisiana,Male,2019,23946,2267050,1056.3
Maine,Female,1999,6473,650598,994.9
Maine,Female,2000,6477,654614,989.4
Maine,Female,2001,6493,659657,984.3
Maine,Female,2002,6512,664226,980.4
Maine,Female,2003,6552,668680,979.8
Maine,Female,2004,6558,671862,976.1
Maine,Female,2005,6582,674104,976.4
Maine,Female,2006,6208,676157,918.1
Maine,Female,2007,6302,677797,929.8
Maine,Female,2008,6369,679413,937.4
Maine,Female,2009,6418,678694,945.6
Maine,Female,2010,6473,678305,954.3
Maine,Female,2011,6564,678125,968
Maine,Female,2012,6455,678914,950.8
Maine,Female,2013,6719,678082,990.9
Maine,Female,2014,6689,678818,985.4
Maine,Female,2015,7268,678071,1071.9
Maine,Female,2016,6976,678894,1027.6
Maine,Female,2017,7284,681387,1069
Maine,Female,2018,7183,683031,1051.6
Maine,Female,2019,7287,686100,1062.1
Maine,Male,1999,5788,616210,939.3
Maine,Male,2000,5877,620309,947.4
Maine,Male,2001,5928,626035,946.9
Maine,Male,2002,6182,631734,978.6
Maine,Male,2003,5988,637833,938.8
Maine,Male,2004,5885,641826,916.9
Maine,Male,2005,6286,644683,975.1
Maine,Male,2006,6086,647462,940
Maine,Male,2007,6191,649243,953.6
Maine,Male,2008,6172,651096,947.9
Maine,Male,2009,6176,650896,948.8
Maine,Male,2010,6277,650056,965.6
Maine,Male,2011,6437,650063,990.2
Maine,Male,2012,6415,650278,986.5
Maine,Male,2013,6828,650220,1050.1
Maine,Male,2014,6821,651271,1047.3
Maine,Male,2015,7211,651257,1107.2
Maine,Male,2016,7206,652585,1104.2
Maine,Male,2017,7392,654520,1129.4
Maine,Male,2018,7532,655373,1149.3
Maine,Male,2019,7778,658112,1181.9
Maryland,Female,1999,21886,2716928,805.5
Maryland,Female,2000,22539,2738692,823
Maryland,Female,2001,22397,2779864,805.7
Maryland,Female,2002,22561,2815197,801.4
Maryland,Female,2003,22566,2843847,793.5
Maryland,Female,2004,21972,2870043,765.6
Maryland,Female,2005,22339,2891761,772.5
Maryland,Female,2006,22333,2907963,768
Maryland,Female,2007,22160,2920109,758.9
Maryland,Female,2008,22129,2935788,753.8
Maryland,Female,2009,22225,2960001,750.8
Maryland,Female,2010,22171,2981790,743.5
Maryland,Female,2011,22214,3007715,738.6
Maryland,Female,2012,22559,3034160,743.5
Maryland,Female,2013,23047,3054052,754.6
Maryland,Female,2014,23009,3079989,747
Maryland,Female,2015,23489,3095316,758.9
Maryland,Female,2016,24124,3101981,777.7
Maryland,Female,2017,24614,3118023,789.4
Maryland,Female,2018,24872,3113797,798.8
Maryland,Female,2019,24918,3116815,799.5
Maryland,Male,1999,21203,2537581,835.6
Maryland,Male,2000,21214,2557794,829.4
Maryland,Male,2001,21442,2594827,826.3
Maryland,Male,2002,21409,2625192,815.5
Maryland,Male,2003,21933,2652422,826.9
Maryland,Male,2004,21260,2676892,794.2
Maryland,Male,2005,21553,2700618,798.1
Maryland,Male,2006,21249,2719404,781.4
Maryland,Male,2007,21597,2733299,790.1
Maryland,Male,2008,21763,2749177,791.6
Maryland,Male,2009,21618,2770387,780.3
Maryland,Male,2010,21154,2791762,757.7
Maryland,Male,2011,21531,2820574,763.4
Maryland,Male,2012,21918,2850403,768.9
Maryland,Male,2013,22642,2874762,787.6
Maryland,Male,2014,22858,2896418,789.2
Maryland,Male,2015,23758,2911085,816.1
Maryland,Male,2016,24700,2914466,847.5
Maryland,Male,2017,25312,2934154,862.7
Maryland,Male,2018,25696,2928921,877.3
Maryland,Male,2019,25882,2928865,883.7
Massachusetts,Female,1999,29820,3274830,910.6
Massachusetts,Female,2000,30506,3290281,927.2
Massachusetts,Female,2001,30786,3312567,929.4
Massachusetts,Female,2002,30440,3319436,917
Massachusetts,Female,2003,30101,3320817,906.4
Massachusetts,Female,2004,29101,3314634,878
Massachusetts,Female,2005,28738,3309010,868.5
Massachusetts,Female,2006,28571,3311185,862.9
Massachusetts,Female,2007,27946,3321653,841.3
Massachusetts,Female,2008,28321,3340730,847.7
Massachusetts,Female,2009,27538,3365859,818.2
Massachusetts,Female,2010,27445,3381001,811.7
Massachusetts,Female,2011,28054,3397995,825.6
Massachusetts,Female,2012,27885,3425771,814
Massachusetts,Female,2013,28538,3448008,827.7
Massachusetts,Female,2014,28310,3474584,814.8
Massachusetts,Female,2015,29895,3498304,854.6
Massachusetts,Female,2016,28947,3506128,825.6
Massachusetts,Female,2017,29649,3529454,840
Massachusetts,Female,2018,29884,3551621,841.4
Massachusetts,Female,2019,29474,3546935,831
Massachusetts,Male,1999,26020,3042515,855.2
Massachusetts,Male,2000,26175,3058816,855.7
Massachusetts,Male,2001,25968,3085067,841.7
Massachusetts,Male,2002,26488,3097770,855.1
Massachusetts,Male,2003,26190,3101748,844.4
Massachusetts,Male,2004,25410,3097647,820.3
Massachusetts,Male,2005,25136,3094280,812.3
Massachusetts,Male,2006,24879,3098899,802.8
Massachusetts,Male,2007,24971,3109906,803
Massachusetts,Male,2008,25197,3128237,805.5
Massachusetts,Male,2009,24770,3151754,785.9
Massachusetts,Male,2010,25138,3166628,793.8
Massachusetts,Male,2011,25656,3189541,804.4
Massachusetts,Male,2012,25292,3220373,785.4
Massachusetts,Male,2013,26029,3244816,802.2
Massachusetts,Male,2014,26890,3270824,822.1
Massachusetts,Male,2015,27911,3296118,846.8
Massachusetts,Male,2016,28014,3305651,847.5
Massachusetts,Male,2017,29154,3330365,875.4
Massachusetts,Male,2018,29268,3350528,873.5
Massachusetts,Male,2019,29156,3345568,871.5
Michigan,Female,1999,44579,5047770,883.1
Michigan,Female,2000,44616,5065349,880.8
Michigan,Female,2001,44090,5089289,866.3
Michigan,Female,2002,44905,5100171,880.5
Michigan,Female,2003,44369,5110521,868.2
Michigan,Female,2004,43574,5117929,851.4
Michigan,Female,2005,44629,5114320,872.6
Michigan,Female,2006,43822,5106621,858.1
Michigan,Female,2007,43886,5091035,862
Michigan,Female,2008,45121,5065899,890.7
Michigan,Female,2009,43476,5044338,861.9
Michigan,Female,2010,44581,5035526,885.3
Michigan,Female,2011,45161,5030242,897.8
Michigan,Female,2012,45289,5032849,899.9
Michigan,Female,2013,46360,5036338,920.5
Michigan,Female,2014,46849,5041414,929.3
Michigan,Female,2015,47515,5044428,941.9
Michigan,Female,2016,47738,5043554,946.5
Michigan,Female,2017,48197,5058559,952.8
Michigan,Female,2018,48705,5073772,959.9
Michigan,Female,2019,48737,5068329,961.6
Michigan,Male,1999,42653,4849346,879.6
Michigan,Male,2000,42337,4873095,868.8
Michigan,Male,2001,42334,4901831,863.6
Michigan,Male,2002,42890,4915539,872.5
Michigan,Male,2003,42359,4930631,859.1
Michigan,Male,2004,41595,4937386,842.4
Michigan,Male,2005,42238,4936817,855.6
Michigan,Male,2006,42220,4929460,856.5
Michigan,Male,2007,42835,4910249,872.4
Michigan,Male,2008,43324,4880990,887.6
Michigan,Male,2009,42979,4857253,884.8
Michigan,Male,2010,43440,4848114,896
Michigan,Male,2011,44347,4845945,915.1
Michigan,Male,2012,44612,4850511,919.7
Michigan,Male,2013,46048,4859284,947.6
Michigan,Male,2014,47065,4868463,966.7
Michigan,Male,2015,47625,4878148,976.3
Michigan,Male,2016,48493,4884746,992.7
Michigan,Male,2017,49405,4903752,1007.5
Michigan,Male,2018,50198,4922143,1019.8
Michigan,Male,2019,50347,4918528,1023.6
Minnesota,Female,1999,19926,2462931,809
Minnesota,Female,2000,19580,2483848,788.3
Minnesota,Female,2001,19450,2514149,773.6
Minnesota,Female,2002,19947,2531205,788
Minnesota,Female,2003,19447,2546999,763.5
Minnesota,Female,2004,19098,2564037,744.8
Minnesota,Female,2005,19420,2579546,752.8
Minnesota,Female,2006,19081,2600951,733.6
Minnesota,Female,2007,18959,2622551,722.9
Minnesota,Female,2008,19941,2642672,754.6
Minnesota,Female,2009,19240,2659958,723.3
Minnesota,Female,2010,19927,2671793,745.8
Minnesota,Female,2011,20309,2689958,755
Minnesota,Female,2012,20325,2706970,750.8
Minnesota,Female,2013,20634,2727081,756.6
Minnesota,Female,2014,20980,2745132,764.3
Minnesota,Female,2015,21704,2759730,786.5
Minnesota,Female,2016,21437,2772322,773.3
Minnesota,Female,2017,22078,2799760,788.6
Minnesota,Female,2018,22230,2816378,789.3
Minnesota,Female,2019,22341,2829821,789.5
Minnesota,Male,1999,18611,2410550,772.1
Minnesota,Male,2000,18110,2435631,743.5
Minnesota,Male,2001,18285,2468647,740.7
Minnesota,Male,2002,18563,2487730,746.2
Minnesota,Male,2003,18173,2506573,725
Minnesota,Male,2004,17936,2523676,710.7
Minnesota,Male,2005,18115,2540052,713.2
Minnesota,Male,2006,17947,2562604,700.3
Minnesota,Male,2007,18179,2584652,703.3
Minnesota,Male,2008,18558,2604346,712.6
Minnesota,Male,2009,18611,2621245,710
Minnesota,Male,2010,19045,2632132,723.6
Minnesota,Male,2011,19511,2654903,734.9
Minnesota,Male,2012,19691,2672169,736.9
Minnesota,Male,2013,20353,2693299,755.7
Minnesota,Male,2014,20465,2712041,754.6
Minnesota,Male,2015,21096,2729864,772.8
Minnesota,Male,2016,21641,2747630,787.6
Minnesota,Male,2017,22293,2776846,802.8
Minnesota,Male,2018,22515,2794801,805.6
Minnesota,Male,2019,23173,2809811,824.7
Mississippi,Female,1999,13952,1464581,952.6
Mississippi,Female,2000,14498,1471104,985.5
Mississippi,Female,2001,14306,1473486,970.9
Mississippi,Female,2002,14585,1475412,988.5
Mississippi,Female,2003,14279,1479611,965.1
Mississippi,Female,2004,13759,1490115,923.4
Mississippi,Female,2005,14550,1497962,971.3
Mississippi,Female,2006,14099,1496313,942.2
Mississippi,Female,2007,13774,1507071,914
Mississippi,Female,2008,14431,1516955,951.3
Mississippi,Female,2009,13860,1522000,910.6
Mississippi,Female,2010,14482,1526057,949
Mississippi,Female,2011,14388,1531968,939.2
Mississippi,Female,2012,14639,1535635,953.3
Mississippi,Female,2013,15010,1536620,976.8
Mississippi,Female,2014,14744,1539523,957.7
Mississippi,Female,2015,15395,1540483,999.4
Mississippi,Female,2016,15335,1539934,995.8
Mississippi,Female,2017,15624,1538222,1015.7
Mississippi,Female,2018,15523,1538795,1008.8
Mississippi,Female,2019,15643,1533857,1019.8
Mississippi,Male,1999,14233,1363827,1043.6
Mississippi,Male,2000,14156,1373554,1030.6
Mississippi,Male,2001,13953,1379508,1011.4
Mississippi,Male,2002,14268,1383269,1031.5
Mississippi,Male,2003,14210,1388701,1023.3
Mississippi,Male,2004,14112,1398895,1008.8
Mississippi,Male,2005,14646,1407981,1040.2
Mississippi,Male,2006,14465,1408665,1026.9
Mississippi,Male,2007,14481,1421279,1018.9
Mississippi,Male,2008,14553,1430851,1017.1
Mississippi,Male,2009,14415,1436774,1003.3
Mississippi,Male,2010,14483,1441240,1004.9
Mississippi,Male,2011,14890,1446544,1029.3
Mississippi,Male,2012,14905,1449291,1028.4
Mississippi,Male,2013,15693,1454587,1078.9
Mississippi,Male,2014,15813,1454556,1087.1
Mississippi,Male,2015,16388,1451850,1128.8
Mississippi,Male,2016,16406,1448792,1132.4
Mississippi,Male,2017,16656,1445878,1152
Mississippi,Male,2018,16778,1447735,1158.9
Mississippi,Male,2019,17321,1442292,1200.9
Missouri,Female,1999,28978,2860166,1013.2
Missouri,Female,2000,28589,2875034,994.4
Missouri,Female,2001,28662,2895476,989.9
Missouri,Female,2002,28813,2910476,990
Missouri,Female,2003,28946,2926556,989.1
Missouri,Female,2004,27738,2942685,942.6
Missouri,Female,2005,27922,2962870,942.4
Missouri,Female,2006,28094,2987563,940.4
Missouri,Female,2007,27528,3007493,915.3
Missouri,Female,2008,28755,3024837,950.6
Missouri,Female,2009,27406,3042021,900.9
Missouri,Female,2010,28019,3055450,917
Missouri,Female,2011,28173,3066254,918.8
Missouri,Female,2012,27963,3070952,910.6
Missouri,Female,2013,28763,3080214,933.8
Missouri,Female,2014,28974,3089367,937.9
Missouri,Female,2015,29488,3098627,951.6
Missouri,Female,2016,29435,3100965,949.2
Missouri,Female,2017,30153,3111296,969.1
Missouri,Female,2018,30771,3118889,986.6
Missouri,Female,2019,30044,3124766,961.5
Missouri,Male,1999,26953,2701782,997.6
Missouri,Male,2000,26276,2720177,966
Missouri,Male,2001,26320,2745666,958.6
Missouri,Male,2002,27127,2764349,981.3
Missouri,Male,2003,26636,2782847,957.1
Missouri,Male,2004,26212,2805056,934.5
Missouri,Male,2005,26734,2827430,945.5
Missouri,Male,2006,26587,2855141,931.2
Missouri,Male,2007,26638,2880119,924.9
Missouri,Male,2008,27823,2899079,959.7
Missouri,Male,2009,26857,2919067,920.1
Missouri,Male,2010,27262,2933477,929.3
Missouri,Male,2011,27675,2944434,939.9
Missouri,Male,2012,28131,2951036,953.3
Missouri,Male,2013,28681,2963957,967.7
Missouri,Male,2014,29346,2974222,986.7
Missouri,Male,2015,30383,2985045,1017.8
Missouri,Male,2016,30438,2992035,1017.3
Missouri,Male,2017,31723,3002236,1056.6
Missouri,Male,2018,32346,3007563,1075.5
Missouri,Male,2019,32357,3012662,1074
Montana,Female,1999,4019,450543,892
Montana,Female,2000,3896,452715,860.6
Montana,Female,2001,4036,454683,887.7
Montana,Female,2002,4311,456712,943.9
Montana,Female,2003,4120,460116,895.4
Montana,Female,2004,4024,465000,865.4
Montana,Female,2005,4203,469780,894.7
Montana,Female,2006,4177,475341,878.7
Montana,Female,2007,4250,480939,883.7
Montana,Female,2008,4383,486477,901
Montana,Female,2009,4295,490122,876.3
Montana,Female,2010,4285,492748,869.6
Montana,Female,2011,4410,496966,887.4
Montana,Female,2012,4320,500192,863.7
Montana,Female,2013,4602,505367,910.6
Montana,Female,2014,4535,509456,890.2
Montana,Female,2015,4688,513619,912.7
Montana,Female,2016,4754,517745,918.2
Montana,Female,2017,4902,521537,939.9
Montana,Female,2018,4676,527453,886.5
Montana,Female,2019,4832,530712,910.5
Montana,Male,1999,4109,446964,919.3
Montana,Male,2000,4200,449480,934.4
Montana,Male,2001,4229,452278,935
Montana,Male,2002,4195,454955,922.1
Montana,Male,2003,4347,459514,946
Montana,Male,2004,4070,465009,875.3
Montana,Male,2005,4325,470322,919.6
Montana,Male,2006,4295,477351,899.8
Montana,Male,2007,4374,483767,904.2
Montana,Male,2008,4530,489938,924.6
Montana,Male,2009,4435,493860,898
Montana,Male,2010,4542,496667,914.5
Montana,Male,2011,4705,501233,938.7
Montana,Male,2012,4656,504949,922.1
Montana,Male,2013,4909,509798,962.9
Montana,Male,2014,4846,514123,942.6
Montana,Male,2015,5254,519330,1011.7
Montana,Male,2016,5151,524775,981.6
Montana,Male,2017,5298,528956,1001.6
Montana,Male,2018,5316,534852,993.9
Montana,Male,2019,5570,538066,1035.2
Nebraska,Female,1999,8159,865531,942.7
Nebraska,Female,2000,7797,867912,898.4
Nebraska,Female,2001,7995,871208,917.7
Nebraska,Female,2002,8208,874803,938.3
Nebraska,Female,2003,8090,879362,920
Nebraska,Female,2004,7525,883984,851.3
Nebraska,Female,2005,7723,889468,868.3
Nebraska,Female,2006,7692,894687,859.7
Nebraska,Female,2007,7992,900106,887.9
Nebraska,Female,2008,8017,905814,885.1
Nebraska,Female,2009,7673,913619,839.8
Nebraska,Female,2010,7708,920045,837.8
Nebraska,Female,2011,7939,927392,856.1
Nebraska,Female,2012,7920,933223,848.7
Nebraska,Female,2013,8072,938690,859.9
Nebraska,Female,2014,7953,944640,841.9
Nebraska,Female,2015,8414,951022,884.7
Nebraska,Female,2016,8188,956445,856.1
Nebraska,Female,2017,8370,961945,870.1
Nebraska,Female,2018,8375,965886,867.1
Nebraska,Female,2019,8446,967959,872.6
Nebraska,Male,1999,7420,839233,884.1
Nebraska,Male,2000,7195,843351,853.1
Nebraska,Male,2001,7179,848628,846
Nebraska,Male,2002,7530,853489,882.3
Nebraska,Male,2003,7375,859281,858.3
Nebraska,Male,2004,7132,865386,824.1
Nebraska,Male,2005,7240,872029,830.2
Nebraska,Male,2006,7207,878006,820.8
Nebraska,Male,2007,7271,883334,823.1
Nebraska,Male,2008,7444,890564,835.9
Nebraska,Male,2009,7137,899064,793.8
Nebraska,Male,2010,7463,906296,823.5
Nebraska,Male,2011,7537,915249,823.5
Nebraska,Male,2012,7739,922302,839.1
Nebraska,Male,2013,7682,929826,826.2
Nebraska,Male,2014,8025,936863,856.6
Nebraska,Male,2015,8326,945168,880.9
Nebraska,Male,2016,8029,950671,844.6
Nebraska,Male,2017,8508,958131,888
Nebraska,Male,2018,8529,963382,885.3
Nebraska,Male,2019,8524,966449,882
Nevada,Female,1999,6741,949422,710
Nevada,Female,2000,6845,980206,698.3
Nevada,Female,2001,7411,1030850,718.9
Nevada,Female,2002,7826,1069764,731.6
Nevada,Female,2003,8117,1108135,732.5
Nevada,Female,2004,8177,1156586,707
Nevada,Female,2005,8595,1198846,716.9
Nevada,Female,2006,8531,1243993,685.8
Nevada,Female,2007,8392,1284052,653.6
Nevada,Female,2008,8733,1310601,666.3
Nevada,Female,2009,8695,1327618,654.9
Nevada,Female,2010,8985,1336935,672.1
Nevada,Female,2011,9350,1348764,693.2
Nevada,Female,2012,9498,1367724,694.4
Nevada,Female,2013,9870,1384702,712.8
Nevada,Female,2014,9733,1412306,689.2
Nevada,Female,2015,10424,1440294,723.7
Nevada,Female,2016,10729,1466061,731.8
Nevada,Female,2017,11007,1494290,736.6
Nevada,Female,2018,10900,1512837,720.5
Nevada,Female,2019,11285,1535329,735
Nevada,Male,1999,8341,985296,846.5
Nevada,Male,2000,8416,1018051,826.7
Nevada,Male,2001,8874,1067549,831.2
Nevada,Male,2002,9101,1104027,824.3
Nevada,Male,2003,9741,1140715,853.9
Nevada,Male,2004,9752,1189636,819.7
Nevada,Male,2005,10434,1233297,846
Nevada,Male,2006,10341,1278665,808.7
Nevada,Male,2007,10295,1317020,781.7
Nevada,Male,2008,10602,1343029,789.4
Nevada,Male,2009,10529,1357047,775.9
Nevada,Male,2010,10638,1363616,780.1
Nevada,Male,2011,10993,1374558,799.7
Nevada,Male,2012,11287,1391207,811.3
Nevada,Male,2013,11598,1405434,825.2
Nevada,Male,2014,12060,1426793,845.3
Nevada,Male,2015,12455,1450551,858.6
Nevada,Male,2016,13173,1473997,893.7
Nevada,Male,2017,13650,1503749,907.7
Nevada,Male,2018,13815,1521555,908
Nevada,Male,2019,14301,1544827,925.7
New Hampshire,Female,1999,4958,621409,797.9
New Hampshire,Female,2000,4991,628099,794.6
New Hampshire,Female,2001,5074,637412,796
New Hampshire,Female,2002,5092,643680,791.1
New Hampshire,Female,2003,5012,648513,772.8
New Hampshire,Female,2004,5259,653845,804.3
New Hampshire,Female,2005,5280,657932,802.5
New Hampshire,Female,2006,5184,662773,782.2
New Hampshire,Female,2007,5356,664987,805.4
New Hampshire,Female,2008,5163,666576,774.6
New Hampshire,Female,2009,5068,666875,760
New Hampshire,Female,2010,5181,667076,776.7
New Hampshire,Female,2011,5468,667341,819.4
New Hampshire,Female,2012,5378,668481,804.5
New Hampshire,Female,2013,5476,669746,817.6
New Hampshire,Female,2014,5765,671344,858.7
New Hampshire,Female,2015,5982,672952,888.9
New Hampshire,Female,2016,5878,673935,872.2
New Hampshire,Female,2017,6034,677786,890.3
New Hampshire,Female,2018,6214,684192,908.2
New Hampshire,Female,2019,6160,685918,898.1
New Hampshire,Male,1999,4579,600605,762.4
New Hampshire,Male,2000,4706,607687,774.4
New Hampshire,Male,2001,4741,618105,767
New Hampshire,Male,2002,4761,625409,761.3
New Hampshire,Male,2003,4696,631327,743.8
New Hampshire,Male,2004,4852,636276,762.6
New Hampshire,Male,2005,4914,640560,767.1
New Hampshire,Male,2006,4876,645616,755.2
New Hampshire,Male,2007,4947,647553,764
New Hampshire,Male,2008,5105,649330,786.2
New Hampshire,Male,2009,5032,649227,775.1
New Hampshire,Male,2010,5020,649394,773
New Hampshire,Male,2011,5355,650853,822.8
New Hampshire,Male,2012,5352,652237,820.6
New Hampshire,Male,2013,5421,653713,829.3
New Hampshire,Male,2014,5751,655469,877.4
New Hampshire,Male,2015,6002,657656,912.6
New Hampshire,Male,2016,6325,660860,957.1
New Hampshire,Male,2017,6470,665009,972.9
New Hampshire,Male,2018,6560,672266,975.8
New Hampshire,Male,2019,6584,673793,977.2
New Jersey,Female,1999,38580,4304271,896.3
New Jersey,Female,2000,39051,4331537,901.6
New Jersey,Female,2001,39176,4369932,896.5
New Jersey,Female,2002,39204,4398801,891.2
New Jersey,Female,2003,38780,4421964,877
New Jersey,Female,2004,37647,4436964,848.5
New Jersey,Female,2005,37798,4443545,850.6
New Jersey,Female,2006,36728,4448099,825.7
New Jersey,Female,2007,36451,4455148,818.2
New Jersey,Female,2008,36612,4469901,819.1
New Jersey,Female,2009,35596,4493506,792.2
New Jersey,Female,2010,36026,4512294,798.4
New Jersey,Female,2011,36681,4520963,811.4
New Jersey,Female,2012,36482,4540905,803.4
New Jersey,Female,2013,36749,4555374,806.7
New Jersey,Female,2014,36732,4576223,802.7
New Jersey,Female,2015,37151,4585897,810.1
New Jersey,Female,2016,37510,4576725,819.6
New Jersey,Female,2017,38088,4609070,826.4
New Jersey,Female,2018,38214,4556326,838.7
New Jersey,Female,2019,37811,4541603,832.5
New Jersey,Male,1999,35401,4055321,873
New Jersey,Male,2000,35749,4082813,875.6
New Jersey,Male,2001,35534,4122739,861.9
New Jersey,Male,2002,34805,4153842,837.9
New Jersey,Male,2003,34909,4179438,835.3
New Jersey,Male,2004,33724,4197597,803.4
New Jersey,Male,2005,34165,4208429,811.8
New Jersey,Male,2006,33628,4213580,798.1
New Jersey,Male,2007,33211,4222737,786.5
New Jersey,Male,2008,33414,4241189,787.8
New Jersey,Male,2009,32681,4262096,766.8
New Jersey,Male,2010,33469,4279600,782.1
New Jersey,Male,2011,33877,4300192,787.8
New Jersey,Male,2012,34052,4323685,787.6
New Jersey,Male,2013,34654,4343965,797.8
New Jersey,Male,2014,34584,4361952,792.9
New Jersey,Male,2015,35120,4372116,803.3
New Jersey,Male,2016,35645,4367744,816.1
New Jersey,Male,2017,36758,4396574,836.1
New Jersey,Male,2018,37551,4352194,862.8
New Jersey,Male,2019,37199,4340587,857
New Mexico,Female,1999,6458,918661,703
New Mexico,Female,2000,6356,924729,687.3
New Mexico,Female,2001,6705,930387,720.7
New Mexico,Female,2002,6701,941856,711.5
New Mexico,Female,2003,7019,952303,737.1
New Mexico,Female,2004,6748,964738,699.5
New Mexico,Female,2005,7085,978520,724.1
New Mexico,Female,2006,7292,993969,733.6
New Mexico,Female,2007,7205,1007922,714.8
New Mexico,Female,2008,7654,1018578,751.4
New Mexico,Female,2009,7397,1031238,717.3
New Mexico,Female,2010,7597,1041758,729.2
New Mexico,Female,2011,7836,1052114,744.8
New Mexico,Female,2012,7706,1052831,731.9
New Mexico,Female,2013,7868,1051678,748.1
New Mexico,Female,2014,8195,1052690,778.5
New Mexico,Female,2015,8155,1051688,775.4
New Mexico,Female,2016,8503,1050352,809.5
New Mexico,Female,2017,8627,1053926,818.6
New Mexico,Female,2018,8630,1058143,815.6
New Mexico,Female,2019,8915,1059397,841.5
New Mexico,Male,1999,7218,889421,811.5
New Mexico,Male,2000,7069,894317,790.4
New Mexico,Male,2001,7424,901303,823.7
New Mexico,Male,2002,7643,913453,836.7
New Mexico,Male,2003,7786,925271,841.5
New Mexico,Male,2004,7550,939070,804
New Mexico,Male,2005,7898,953754,828.1
New Mexico,Male,2006,8004,968168,826.7
New Mexico,Male,2007,8277,982148,842.7
New Mexico,Male,2008,8351,992084,841.8
New Mexico,Male,2009,8246,1005564,820
New Mexico,Male,2010,8334,1017421,819.1
New Mexico,Male,2011,8616,1030110,836.4
New Mexico,Male,2012,9004,1032707,871.9
New Mexico,Male,2013,8937,1033609,864.6
New Mexico,Male,2014,9384,1032882,908.5
New Mexico,Male,2015,9530,1033421,922.2
New Mexico,Male,2016,9862,1030663,956.9
New Mexico,Male,2017,10046,1034144,971.4
New Mexico,Male,2018,10377,1037285,1000.4
New Mexico,Male,2019,10597,1037432,1021.5
New York,Female,1999,83833,9777654,857.4
New York,Female,2000,83114,9829709,845.5
New York,Female,2001,83689,9878713,847.2
New York,Female,2002,83222,9902927,840.4
New York,Female,2003,82337,9917810,830.2
New York,Female,2004,80733,9913527,814.4
New York,Female,2005,80468,9887467,813.8
New York,Female,2006,77746,9871401,787.6
New York,Female,2007,77091,9881510,780.2
New York,Female,2008,77760,9918841,784
New York,Female,2009,75821,9966620,760.7
New York,Female,2010,76104,10000955,761
New York,Female,2011,77469,10033393,772.1
New York,Female,2012,76871,10081044,762.5
New York,Female,2013,77709,10114934,768.3
New York,Female,2014,76740,10164966,754.9
New York,Female,2015,78530,10184278,771.1
New York,Female,2016,78092,10157924,768.8
New York,Female,2017,78521,10211937,768.9
New York,Female,2018,79614,10053779,791.9
New York,Female,2019,78313,10005715,782.7
New York,Male,1999,76094,9105071,835.7
New York,Male,2000,75089,9146748,820.9
New York,Male,2001,75551,9204125,820.8
New York,Male,2002,74896,9234873,811
New York,Male,2003,73540,9258129,794.3
New York,Male,2004,71948,9258040,777.1
New York,Male,2005,71959,9245143,778.3
New York,Male,2006,71060,9233230,769.6
New York,Male,2007,70589,9250825,763.1
New York,Male,2008,70938,9293595,763.3
New York,Male,2009,70654,9340446,756.4
New York,Male,2010,70328,9377147,750
New York,Male,2011,71705,9431804,760.2
New York,Male,2012,72120,9489217,760
New York,Male,2013,73210,9536193,767.7
New York,Male,2014,73204,9581261,764
New York,Male,2015,75098,9611513,781.3
New York,Male,2016,76266,9587365,795.5
New York,Male,2017,76837,9637462,797.3
New York,Male,2018,77569,9488430,817.5
New York,Male,2019,78062,9447846,826.2
North Carolina,Female,1999,35354,4062710,870.2
North Carolina,Female,2000,36579,4106618,890.7
North Carolina,Female,2001,35996,4187317,859.6
North Carolina,Female,2002,36692,4250179,863.3
North Carolina,Female,2003,37686,4313901,873.6
North Carolina,Female,2004,36612,4376070,836.6
North Carolina,Female,2005,38098,4457189,854.8
North Carolina,Female,2006,37672,4563152,825.6
North Carolina,Female,2007,38398,4677313,820.9
North Carolina,Female,2008,39109,4771376,819.7
North Carolina,Female,2009,38774,4846501,800
North Carolina,Female,2010,39541,4889991,808.6
North Carolina,Female,2011,40240,4952679,812.5
North Carolina,Female,2012,41443,4999175,829
North Carolina,Female,2013,41750,5047448,827.2
North Carolina,Female,2014,42488,5099371,833.2
North Carolina,Female,2015,44589,5150777,865.7
North Carolina,Female,2016,44868,5213836,860.6
North Carolina,Female,2017,46071,5271981,873.9
North Carolina,Female,2018,45742,5332759,857.8
North Carolina,Female,2019,47014,5387820,872.6
North Carolina,Male,1999,34246,3886651,881.1
North Carolina,Male,2000,35356,3942695,896.7
North Carolina,Male,2001,34938,4022805,868.5
North Carolina,Male,2002,35335,4076022,866.9
North Carolina,Male,2003,35773,4108600,870.7
North Carolina,Male,2004,35772,4177082,856.4
North Carolina,Male,2005,36540,4248218,860.1
North Carolina,Male,2006,37044,4354118,850.8
North Carolina,Male,2007,37648,4440724,847.8
North Carolina,Male,2008,38174,4538073,841.2
North Carolina,Male,2009,38343,4603065,833
North Carolina,Male,2010,39232,4645492,844.5
North Carolina,Male,2011,39642,4703722,842.8
North Carolina,Male,2012,40482,4752898,851.7
North Carolina,Male,2013,41579,4800612,866.1
North Carolina,Male,2014,42879,4844593,885.1
North Carolina,Male,2015,44544,4892025,910.5
North Carolina,Male,2016,45597,4932952,924.3
North Carolina,Male,2017,47086,5001438,941.4
North Carolina,Male,2018,48143,5050861,953.2
North Carolina,Male,2019,48867,5100264,958.1
North Dakota,Female,1999,3058,322617,947.9
North Dakota,Female,2000,2876,321676,894.1
North Dakota,Female,2001,3027,319787,946.6
North Dakota,Female,2002,2982,319017,934.7
North Dakota,Female,2003,3058,318896,958.9
North Dakota,Female,2004,2805,321008,873.8
North Dakota,Female,2005,2883,321543,896.6
North Dakota,Female,2006,2914,322583,903.3
North Dakota,Female,2007,2811,324066,867.4
North Dakota,Female,2008,2869,326131,879.7
North Dakota,Female,2009,2923,329674,886.6
North Dakota,Female,2010,2955,332727,888.1
North Dakota,Female,2011,2906,337662,860.6
North Dakota,Female,2012,3051,343886,887.2
North Dakota,Female,2013,3042,353392,860.8
North Dakota,Female,2014,3080,360463,854.5
North Dakota,Female,2015,3038,368074,825.4
North Dakota,Female,2016,3080,368978,834.7
North Dakota,Female,2017,3152,368094,856.3
North Dakota,Female,2018,3076,370727,829.7
North Dakota,Female,2019,3186,372030,856.4
North Dakota,Male,1999,3045,321642,946.7
North Dakota,Male,2000,2980,320524,929.7
North Dakota,Male,2001,3021,319275,946.2
North Dakota,Male,2002,2910,319151,911.8
North Dakota,Male,2003,3032,319921,947.7
North Dakota,Male,2004,2796,323697,863.8
North Dakota,Male,2005,2861,324546,881.5
North Dakota,Male,2006,2954,326839,903.8
North Dakota,Male,2007,2750,328756,836.5
North Dakota,Male,2008,3002,331438,905.8
North Dakota,Male,2009,2991,335294,892.1
North Dakota,Male,2010,2989,339864,879.5
North Dakota,Male,2011,3059,346270,883.4
North Dakota,Male,2012,2987,355742,839.7
North Dakota,Male,2013,3191,370001,862.4
North Dakota,Male,2014,3104,379019,819
North Dakota,Male,2015,3185,388853,819.1
North Dakota,Male,2016,3162,388974,812.9
North Dakota,Male,2017,3263,387299,842.5
North Dakota,Male,2018,3369,389350,865.3
North Dakota,Male,2019,3516,390032,901.5
Ohio,Female,1999,56575,5835017,969.6
Ohio,Female,2000,56689,5840878,970.6
Ohio,Female,2001,56456,5853691,964.5
Ohio,Female,2002,57183,5859385,975.9
Ohio,Female,2003,57240,5868535,975.4
Ohio,Female,2004,54981,5874411,935.9
Ohio,Female,2005,56247,5876703,957.1
Ohio,Female,2006,55045,5883067,935.7
Ohio,Female,2007,54793,5890965,930.1
Ohio,Female,2008,56481,5896594,957.9
Ohio,Female,2009,54756,5902018,927.8
Ohio,Female,2010,55723,5904348,943.8
Ohio,Female,2011,57303,5905599,970.3
Ohio,Female,2012,57625,5901605,976.4
Ohio,Female,2013,57754,5911149,977
Ohio,Female,2014,57575,5919391,972.7
Ohio,Female,2015,59692,5926893,1007.1
Ohio,Female,2016,59543,5922679,1005.3
Ohio,Female,2017,61367,5945509,1032.2
Ohio,Female,2018,61436,5958724,1031
Ohio,Female,2019,61153,5958538,1026.3
Ohio,Male,1999,51942,5500437,944.3
Ohio,Male,2000,51436,5512262,933.1
Ohio,Male,2001,51571,5533713,931.9
Ohio,Male,2002,52583,5548504,947.7
Ohio,Male,2003,51870,5566253,931.9
Ohio,Male,2004,51307,5577840,919.8
Ohio,Male,2005,52784,5586617,944.8
Ohio,Male,2006,51780,5598146,924.9
Ohio,Male,2007,51741,5609503,922.4
Ohio,Male,2008,53286,5618797,948.4
Ohio,Male,2009,52400,5626878,931.2
Ohio,Male,2010,52988,5632156,940.8
Ohio,Male,2011,54124,5639352,959.8
Ohio,Male,2012,54873,5642620,972.5
Ohio,Male,2013,55504,5659659,980.7
Ohio,Male,2014,56934,5674772,1003.3
Ohio,Male,2015,58496,5686530,1028.7
Ohio,Male,2016,60029,5691694,1054.7
Ohio,Male,2017,62281,5713100,1090.1
Ohio,Male,2018,62828,5730718,1096.3
Ohio,Male,2019,62564,5730562,1091.8
Oklahoma,Female,1999,17778,1748783,1016.6
Oklahoma,Female,2000,18103,1754759,1031.7
Oklahoma,Female,2001,17758,1760052,1008.9
Oklahoma,Female,2002,18212,1769080,1029.5
Oklahoma,Female,2003,18191,1777723,1023.3
Oklahoma,Female,2004,17389,1784671,974.4
Oklahoma,Female,2005,18310,1796475,1019.2
Oklahoma,Female,2006,17815,1818693,979.5
Oklahoma,Female,2007,18111,1837175,985.8
Oklahoma,Female,2008,18453,1854771,994.9
Oklahoma,Female,2009,17543,1878034,934.1
Oklahoma,Female,2010,18073,1894374,954
Oklahoma,Female,2011,18350,1913759,958.8
Oklahoma,Female,2012,18238,1924995,947.4
Oklahoma,Female,2013,18763,1943276,965.5
Oklahoma,Female,2014,18748,1957903,957.6
Oklahoma,Female,2015,19045,1974214,964.7
Oklahoma,Female,2016,19011,1979658,960.3
Oklahoma,Female,2017,19647,1983302,990.6
Oklahoma,Female,2018,19659,1990033,987.9
Oklahoma,Female,2019,19557,1996313,979.7
Oklahoma,Male,1999,16922,1688364,1002.3
Oklahoma,Male,2000,16976,1695895,1001
Oklahoma,Male,2001,16924,1707048,991.4
Oklahoma,Male,2002,17290,1720000,1005.2
Oklahoma,Male,2003,17530,1727169,1015
Oklahoma,Male,2004,17094,1740562,982.1
Oklahoma,Male,2005,17870,1752122,1019.9
Oklahoma,Male,2006,17612,1775397,992
Oklahoma,Male,2007,17921,1797174,997.2
Oklahoma,Male,2008,18561,1814205,1023.1
Oklahoma,Male,2009,18058,1839538,981.7
Oklahoma,Male,2010,18456,1856977,993.9
Oklahoma,Male,2011,18825,1877749,1002.5
Oklahoma,Male,2012,18632,1889825,985.9
Oklahoma,Male,2013,19621,1907292,1028.7
Oklahoma,Male,2014,19716,1920148,1026.8
Oklahoma,Male,2015,20377,1937124,1051.9
Oklahoma,Male,2016,20265,1943903,1042.5
Oklahoma,Male,2017,20805,1947562,1068.3
Oklahoma,Male,2018,21274,1953046,1089.3
Oklahoma,Male,2019,21373,1960658,1090.1
Oregon,Female,1999,14963,1712226,873.9
Oregon,Female,2000,15055,1724849,872.8
Oregon,Female,2001,15449,1747889,883.9
Oregon,Female,2002,15815,1771126,892.9
Oregon,Female,2003,15695,1788805,877.4
Oregon,Female,2004,15364,1800377,853.4
Oregon,Female,2005,15803,1823447,866.7
Oregon,Female,2006,15917,1853117,858.9
Oregon,Female,2007,15734,1879347,837.2
Oregon,Female,2008,15951,1903535,838
Oregon,Female,2009,15783,1923209,820.7
Oregon,Female,2010,16002,1935072,826.9
Oregon,Female,2011,16310,1955239,834.2
Oregon,Female,2012,16248,1968641,825.3
Oregon,Female,2013,16763,1985655,844.2
Oregon,Female,2014,16715,2006139,833.2
Oregon,Female,2015,17698,2035807,869.3
Oregon,Female,2016,17413,2066455,842.7
Oregon,Female,2017,17947,2089787,858.8
Oregon,Female,2018,17516,2113219,828.9
Oregon,Female,2019,18031,2127010,847.7
Oregon,Male,1999,14459,1681715,859.8
Oregon,Male,2000,14497,1696550,854.5
Oregon,Male,2001,14709,1720048,855.2
Oregon,Male,2002,15304,1742298,878.4
Oregon,Male,2003,15217,1758571,865.3
Oregon,Male,2004,14949,1769086,845
Oregon,Male,2005,15288,1789755,854.2
Oregon,Male,2006,15463,1817766,850.7
Oregon,Male,2007,15669,1843070,850.2
Oregon,Male,2008,16016,1865213,858.7
Oregon,Male,2009,15853,1885391,840.8
Oregon,Male,2010,15888,1896002,838
Oregon,Male,2011,16478,1916620,859.7
Oregon,Male,2012,16511,1930712,855.2
Oregon,Male,2013,17176,1944410,883.4
Oregon,Male,2014,17436,1964100,887.7
Oregon,Male,2015,18007,1993170,903.4
Oregon,Male,2016,18365,2027010,906
Oregon,Male,2017,18677,2052989,909.7
Oregon,Male,2018,18671,2077494,898.7
Oregon,Male,2019,19339,2090727,925
Pennsylvania,Female,1999,68394,6347064,1077.6
Pennsylvania,Female,2000,68852,6351391,1084
Pennsylvania,Female,2001,68166,6354395,1072.7
Pennsylvania,Female,2002,68470,6363832,1075.9
Pennsylvania,Female,2003,67857,6377894,1063.9
Pennsylvania,Female,2004,67002,6390749,1048.4
Pennsylvania,Female,2005,67848,6405053,1059.3
Pennsylvania,Female,2006,65244,6429312,1014.8
Pennsylvania,Female,2007,64915,6452087,1006.1
Pennsylvania,Female,2008,66180,6473295,1022.4
Pennsylvania,Female,2009,64517,6497024,993
Pennsylvania,Female,2010,64134,6512016,984.9
Pennsylvania,Female,2011,66140,6528324,1013.1
Pennsylvania,Female,2012,65249,6533359,998.7
Pennsylvania,Female,2013,66239,6531461,1014.2
Pennsylvania,Female,2014,65430,6533392,1001.5
Pennsylvania,Female,2015,67475,6538129,1032
Pennsylvania,Female,2016,66918,6523033,1025.9
Pennsylvania,Female,2017,68278,6534208,1044.9
Pennsylvania,Female,2018,67369,6532400,1031.3
Pennsylvania,Female,2019,66959,6527628,1025.8
Pennsylvania,Male,1999,61889,5916741,1046
Pennsylvania,Male,2000,61961,5929663,1044.9
Pennsylvania,Male,2001,61563,5944575,1035.6
Pennsylvania,Male,2002,61753,5967199,1034.9
Pennsylvania,Male,2003,61912,5996764,1032.4
Pennsylvania,Male,2004,60638,6019973,1007.3
Pennsylvania,Male,2005,61684,6044937,1020.4
Pennsylvania,Male,2006,60295,6081497,991.4
Pennsylvania,Male,2007,60189,6111850,984.8
Pennsylvania,Male,2008,61282,6138990,998.2
Pennsylvania,Male,2009,60263,6169834,976.7
Pennsylvania,Male,2010,60462,6190363,976.7
Pennsylvania,Male,2011,62097,6214562,999.2
Pennsylvania,Male,2012,61732,6230177,990.9
Pennsylvania,Male,2013,62884,6242340,1007.4
Pennsylvania,Male,2014,63004,6253817,1007.4
Pennsylvania,Male,2015,65123,6264374,1039.6
Pennsylvania,Male,2016,66122,6261194,1056.1
Pennsylvania,Male,2017,67378,6271329,1074.4
Pennsylvania,Male,2018,67333,6274660,1073.1
Pennsylvania,Male,2019,67024,6274361,1068.2
Rhode Island,Female,1999,5220,540724,965.4
Rhode Island,Female,2000,5422,544684,995.4
Rhode Island,Female,2001,5378,548974,979.6
Rhode Island,Female,2002,5510,553090,996.2
Rhode Island,Female,2003,5424,555590,976.3
Rhode Island,Female,2004,5164,556375,928.2
Rhode Island,Female,2005,5404,552832,977.5
Rhode Island,Female,2006,5102,550134,927.4
Rhode Island,Female,2007,5230,546859,956.4
Rhode Island,Female,2008,5113,545412,937.5
Rhode Island,Female,2009,4963,544764,911
Rhode Island,Female,2010,5016,544167,921.8
Rhode Island,Female,2011,5038,543055,927.7
Rhode Island,Female,2012,4864,542016,897.4
Rhode Island,Female,2013,5093,542084,939.5
Rhode Island,Female,2014,5146,543810,946.3
Rhode Island,Female,2015,5265,544349,967.2
Rhode Island,Female,2016,5087,543345,936.2
Rhode Island,Female,2017,5240,544648,962.1
Rhode Island,Female,2018,5158,542983,949.9
Rhode Island,Female,2019,5298,543686,974.5
Rhode Island,Male,1999,4488,499678,898.2
Rhode Island,Male,2000,4605,503635,914.4
Rhode Island,Male,2001,4643,508168,913.7
Rhode Island,Male,2002,4736,512905,923.4
Rhode Island,Male,2003,4615,515752,894.8
Rhode Island,Male,2004,4605,518204,888.6
Rhode Island,Male,2005,4603,515084,893.6
Rhode Island,Male,2006,4588,512962,894.4
Rhode Island,Male,2007,4493,510456,880.2
Rhode Island,Male,2008,4625,509591,907.6
Rhode Island,Male,2009,4432,508882,870.9
Rhode Island,Male,2010,4563,508400,897.5
Rhode Island,Male,2011,4543,508247,893.9
Rhode Island,Male,2012,4490,508276,883.4
Rhode Island,Male,2013,4699,509427,922.4
Rhode Island,Male,2014,4624,511363,904.3
Rhode Island,Male,2015,4898,511949,956.7
Rhode Island,Male,2016,4648,513081,905.9
Rhode Island,Male,2017,4917,514991,954.8
Rhode Island,Male,2018,4925,514332,957.6
Rhode Island,Male,2019,4958,515675,961.5
South Carolina,Female,1999,17899,2045606,875
South Carolina,Female,2000,18237,2063083,884
South Carolina,Female,2001,18016,2089963,862
South Carolina,Female,2002,18704,2111069,886
South Carolina,Female,2003,19033,2133967,891.9
South Carolina,Female,2004,18387,2162305,850.3
South Carolina,Female,2005,19077,2192345,870.2
South Carolina,Female,2006,19013,2237655,849.7
South Carolina,Female,2007,19498,2280792,854.9
South Carolina,Female,2008,19980,2325047,859.3
South Carolina,Female,2009,19714,2357030,836.4
South Carolina,Female,2010,20398,2375263,858.8
South Carolina,Female,2011,20853,2402602,867.9
South Carolina,Female,2012,21422,2426510,882.8
South Carolina,Female,2013,21775,2451720,888.2
South Carolina,Female,2014,22177,2483088,893.1
South Carolina,Female,2015,22977,2517178,912.8
South Carolina,Female,2016,23200,2553185,908.7
South Carolina,Female,2017,23571,2586682,911.2
South Carolina,Female,2018,24323,2620801,928.1
South Carolina,Female,2019,24336,2655575,916.4
South Carolina,Male,1999,18154,1929076,941.1
South Carolina,Male,2000,18711,1948929,960.1
South Carolina,Male,2001,18596,1975032,941.6
South Carolina,Male,2002,19032,1996726,953.2
South Carolina,Male,2003,19079,2016330,946.2
South Carolina,Male,2004,18889,2048616,922
South Carolina,Male,2005,19630,2077805,944.7
South Carolina,Male,2006,19748,2120192,931.4
South Carolina,Male,2007,19941,2163318,921.8
South Carolina,Male,2008,20309,2203949,921.5
South Carolina,Male,2009,20735,2232842,928.6
South Carolina,Male,2010,21216,2250101,942.9
South Carolina,Male,2011,21219,2276628,932
South Carolina,Male,2012,21776,2297213,947.9
South Carolina,Male,2013,22807,2323119,981.7
South Carolina,Male,2014,23277,2349394,990.8
South Carolina,Male,2015,24221,2378968,1018.1
South Carolina,Male,2016,24930,2407934,1035.3
South Carolina,Male,2017,25870,2437687,1061.3
South Carolina,Male,2018,26317,2463326,1068.4
South Carolina,Male,2019,26626,2493139,1068
South Dakota,Female,1999,3485,378500,920.7
South Dakota,Female,2000,3528,380286,927.7
South Dakota,Female,2001,3356,381537,879.6
South Dakota,Female,2002,3502,382328,916
South Dakota,Female,2003,3559,383633,927.7
South Dakota,Female,2004,3409,386677,881.6
South Dakota,Female,2005,3512,389021,902.8
South Dakota,Female,2006,3531,392420,899.8
South Dakota,Female,2007,3383,396650,852.9
South Dakota,Female,2008,3528,400236,881.5
South Dakota,Female,2009,3421,403198,848.5
South Dakota,Female,2010,3539,406799,870
South Dakota,Female,2011,3691,410905,898.3
South Dakota,Female,2012,3679,415038,886.4
South Dakota,Female,2013,3496,420499,831.4
South Dakota,Female,2014,3659,423862,863.3
South Dakota,Female,2015,3763,426493,882.3
South Dakota,Female,2016,3790,429182,883.1
South Dakota,Female,2017,3884,430706,901.8
South Dakota,Female,2018,3806,436704,871.5
South Dakota,Female,2019,4028,437902,919.8
South Dakota,Male,1999,3468,371912,932.5
South Dakota,Male,2000,3493,374558,932.6
South Dakota,Male,2001,3567,376435,947.6
South Dakota,Male,2002,3396,377692,899.1
South Dakota,Male,2003,3573,380096,940
South Dakota,Male,2004,3424,383719,892.3
South Dakota,Male,2005,3574,386472,924.8
South Dakota,Male,2006,3553,390613,909.6
South Dakota,Male,2007,3443,394973,871.7
South Dakota,Male,2008,3555,398888,891.2
South Dakota,Male,2009,3502,403869,867.1
South Dakota,Male,2010,3561,407381,874.1
South Dakota,Male,2011,3623,413177,876.9
South Dakota,Male,2012,3654,418316,873.5
South Dakota,Male,2013,3603,424378,849
South Dakota,Male,2014,3848,429313,896.3
South Dakota,Male,2015,3968,431976,918.6
South Dakota,Male,2016,4055,436272,929.5
South Dakota,Male,2017,4112,438960,936.8
South Dakota,Male,2018,4165,445531,934.8
South Dakota,Male,2019,4242,446757,949.5
Tennessee,Female,1999,27127,2897466,936.2
Tennessee,Female,2000,27973,2919008,958.3
Tennessee,Female,2001,28152,2948421,954.8
Tennessee,Female,2002,28779,2971873,968.4
Tennessee,Female,2003,29132,3000983,970.7
Tennessee,Female,2004,28217,3027931,931.9
Tennessee,Female,2005,28784,3068439,938.1
Tennessee,Female,2006,28339,3121455,907.9
Tennessee,Female,2007,28509,3162280,901.5
Tennessee,Female,2008,29710,3203115,927.5
Tennessee,Female,2009,28906,3231769,894.4
Tennessee,Female,2010,29645,3252601,911.4
Tennessee,Female,2011,30017,3282422,914.5
Tennessee,Female,2012,30742,3307480,929.5
Tennessee,Female,2013,31417,3328884,943.8
Tennessee,Female,2014,31804,3357172,947.3
Tennessee,Female,2015,32837,3382838,970.7
Tennessee,Female,2016,33301,3408679,976.9
Tennessee,Female,2017,34025,3440018,989.1
Tennessee,Female,2018,34692,3467086,1000.6
Tennessee,Female,2019,34217,3496935,978.5
Tennessee,Male,1999,26638,2741240,971.8
Tennessee,Male,2000,27273,2770275,984.5
Tennessee,Male,2001,26999,2802368,963.4
Tennessee,Male,2002,27827,2824045,985.4
Tennessee,Male,2003,28181,2846829,989.9
Tennessee,Male,2004,27612,2882878,957.8
Tennessee,Male,2005,28476,2922618,974.3
Tennessee,Male,2006,28499,2967311,960.4
Tennessee,Male,2007,28578,3013447,948.3
Tennessee,Male,2008,29110,3044296,956.2
Tennessee,Male,2009,29382,3074250,955.7
Tennessee,Male,2010,29933,3093504,967.6
Tennessee,Male,2011,30524,3120931,978
Tennessee,Male,2012,31214,3148763,991.3
Tennessee,Male,2013,31989,3167094,1010
Tennessee,Male,2014,32857,3192180,1029.3
Tennessee,Male,2015,33733,3217461,1048.4
Tennessee,Male,2016,34556,3242515,1065.7
Tennessee,Male,2017,36071,3275966,1101.1
Tennessee,Male,2018,36386,3302924,1101.6
Tennessee,Male,2019,37718,3332239,1131.9
Texas,Female,1999,73573,10360202,710.2
Texas,Female,2000,75309,10498910,717.3
Texas,Female,2001,76477,10731190,712.7
Texas,Female,2002,77626,10914653,711.2
Texas,Female,2003,76920,11095953,693.2
Texas,Female,2004,75458,11278402,669
Texas,Female,2005,77260,11470439,673.6
Texas,Female,2006,77902,11771243,661.8
Texas,Female,2007,78918,12010572,657.1
Texas,Female,2008,81127,12249936,662.3
Texas,Female,2009,79808,12500150,638.5
Texas,Female,2010,81400,12673281,642.3
Texas,Female,2011,82524,12932239,638.1
Texas,Female,2012,84677,13111469,645.8
Texas,Female,2013,86827,13301191,652.8
Texas,Female,2014,88534,13574572,652.2
Texas,Female,2015,91535,13831324,661.8
Texas,Female,2016,91786,14031164,654.2
Texas,Female,2017,94467,14242803,663.3
Texas,Female,2018,95697,14441739,662.6
Texas,Female,2019,95866,14593179,656.9
Texas,Male,1999,73285,10198018,718.6
Texas,Male,2000,74630,10352910,720.9
Texas,Male,2001,76302,10588432,720.6
Texas,Male,2002,77898,10775672,722.9
Texas,Male,2003,77950,10934978,712.9
Texas,Male,2004,77412,11115621,696.4
Texas,Male,2005,79197,11307684,700.4
Texas,Male,2006,79248,11588337,683.9
Texas,Male,2007,81630,11821411,690.5
Texas,Male,2008,83787,12059103,694.8
Texas,Male,2009,83441,12301611,678.3
Texas,Male,2010,85127,12472280,682.5
Texas,Male,2011,86116,12742442,675.8
Texas,Male,2012,89510,12947734,691.3
Texas,Male,2013,92356,13147002,702.5
Texas,Male,2014,95378,13382386,712.7
Texas,Male,2015,98119,13637790,719.5
Texas,Male,2016,100180,13831432,724.3
Texas,Male,2017,103639,14061793,737
Texas,Male,2018,106514,14260106,746.9
Texas,Male,2019,107496,14402702,746.4
Utah,Female,1999,5890,1100167,535.4
Utah,Female,2000,6161,1114138,553
Utah,Female,2001,6322,1139182,555
Utah,Female,2002,6483,1158853,559.4
Utah,Female,2003,6721,1175867,571.6
Utah,Female,2004,6572,1196749,549.2
Utah,Female,2005,6675,1224741,545
Utah,Female,2006,6827,1257991,542.7
Utah,Female,2007,6951,1292672,537.7
Utah,Female,2008,6917,1325631,521.8
Utah,Female,2009,6919,1355509,510.4
Utah,Female,2010,7135,1375568,518.7
Utah,Female,2011,7538,1401715,537.8
Utah,Female,2012,7676,1419427,540.8
Utah,Female,2013,8001,1441891,554.9
Utah,Female,2014,8190,1463152,559.8
Utah,Female,2015,8462,1488819,568.4
Utah,Female,2016,8535,1515323,563.2
Utah,Female,2017,8569,1540145,556.4
Utah,Female,2018,8749,1568962,557.6
Utah,Female,2019,8941,1591041,562
Utah,Male,1999,6168,1103315,559
Utah,Male,2000,6203,1119031,554.3
Utah,Male,2001,6340,1144533,553.9
Utah,Male,2002,6633,1165962,568.9
Utah,Male,2003,6691,1184270,565
Utah,Male,2004,6759,1204831,561
Utah,Male,2005,6757,1232978,548
Utah,Male,2006,6937,1267516,547.3
Utah,Male,2007,7192,1305074,551.1
Utah,Male,2008,7123,1337398,532.6
Utah,Male,2009,7219,1367912,527.7
Utah,Male,2010,7641,1388317,550.4
Utah,Male,2011,7728,1415507,546
Utah,Male,2012,8000,1435860,557.2
Utah,Male,2013,8365,1458981,573.3
Utah,Male,2014,8529,1479750,576.4
Utah,Male,2015,8872,1507100,588.7
Utah,Male,2016,9378,1535894,610.6
Utah,Male,2017,9466,1561688,606.1
Utah,Male,2018,9605,1592143,603.3
Utah,Male,2019,9795,1614917,606.5
Vermont,Female,1999,2568,308398,832.7
Vermont,Female,2000,2696,310490,868.3
Vermont,Female,2001,2760,311779,885.2
Vermont,Female,2002,2661,312959,850.3
Vermont,Female,2003,2736,314206,870.8
Vermont,Female,2004,2572,315080,816.3
Vermont,Female,2005,2611,315422,827.8
Vermont,Female,2006,2616,316290,827.1
Vermont,Female,2007,2705,316538,854.6
Vermont,Female,2008,2627,316722,829.4
Vermont,Female,2009,2586,317128,815.4
Vermont,Female,2010,2715,317535,855
Vermont,Female,2011,2773,317581,873.2
Vermont,Female,2012,2745,317233,865.3
Vermont,Female,2013,2824,317442,889.6
Vermont,Female,2014,2865,317713,901.8
Vermont,Female,2015,2961,317516,932.6
Vermont,Female,2016,2922,316128,924.3
Vermont,Female,2017,2972,315401,942.3
Vermont,Female,2018,2977,317047,939
Vermont,Female,2019,2869,315673,908.9
Vermont,Male,1999,2425,296285,818.5
Vermont,Male,2000,2431,298337,814.9
Vermont,Male,2001,2441,300444,812.5
Vermont,Male,2002,2414,302483,798.1
Vermont,Male,2003,2384,303652,785.1
Vermont,Male,2004,2423,304840,794.8
Vermont,Male,2005,2455,305793,802.8
Vermont,Male,2006,2432,306602,793.2
Vermont,Male,2007,2474,306943,806
Vermont,Male,2008,2584,307429,840.5
Vermont,Male,2009,2448,307689,795.6
Vermont,Male,2010,2665,308206,864.7
Vermont,Male,2011,2660,308850,861.3
Vermont,Male,2012,2746,308778,889.3
Vermont,Male,2013,2815,309188,910.4
Vermont,Male,2014,2758,308849,893
Vermont,Male,2015,2958,308526,958.8
Vermont,Male,2016,2987,308466,968.3
Vermont,Male,2017,3035,308256,984.6
Vermont,Male,2018,3050,309252,986.3
Vermont,Male,2019,3087,308316,1001.2
Virginia,Female,1999,28088,3569683,786.8
Virginia,Female,2000,29003,3606620,804.2
Virginia,Female,2001,29033,3665386,792.1
Virginia,Female,2002,29211,3713695,786.6
Virginia,Female,2003,29655,3757780,789.2
Virginia,Female,2004,28853,3814310,756.4
Virginia,Female,2005,29624,3863646,766.7
Virginia,Female,2006,29260,3908475,748.6
Virginia,Female,2007,29508,3947966,747.4
Virginia,Female,2008,30115,3988983,755
Virginia,Female,2009,29555,4037895,731.9
Virginia,Female,2010,29764,4075041,730.4
Virginia,Female,2011,30808,4120439,747.7
Virginia,Female,2012,31035,4164342,745.3
Virginia,Female,2013,31576,4198203,752.1
Virginia,Female,2014,31909,4231045,754.2
Virginia,Female,2015,32737,4258228,768.8
Virginia,Female,2016,32811,4274994,767.5
Virginia,Female,2017,33692,4303293,782.9
Virginia,Female,2018,33942,4327037,784.4
Virginia,Female,2019,34476,4335262,795.2
Virginia,Male,1999,27232,3430491,793.8
Virginia,Male,2000,27279,3471895,785.7
Virginia,Male,2001,27247,3532976,771.2
Virginia,Male,2002,27985,3573178,783.2
Virginia,Male,2003,28627,3609197,793.2
Virginia,Male,2004,27697,3661265,756.5
Virginia,Male,2005,28231,3713459,760.2
Virginia,Male,2006,28430,3765250,755.1
Virginia,Male,2007,28717,3803034,755.1
Virginia,Male,2008,28985,3844513,753.9
Virginia,Male,2009,29098,3888042,748.4
Virginia,Male,2010,29268,3925983,745.5
Virginia,Male,2011,29996,3976165,754.4
Virginia,Male,2012,30529,4021525,759.1
Virginia,Male,2013,31140,4062202,766.6
Virginia,Male,2014,31689,4095244,773.8
Virginia,Male,2015,32840,4124765,796.2
Virginia,Male,2016,33662,4136814,813.7
Virginia,Male,2017,34887,4166727,837.3
Virginia,Male,2018,35417,4190648,845.1
Virginia,Male,2019,35849,4200257,853.5
Washington,Female,1999,22003,2934901,749.7
Washington,Female,2000,22084,2959821,746.1
Washington,Female,2001,22615,3002080,753.3
Washington,Female,2002,22714,3036742,748
Washington,Female,2003,23221,3065739,757.4
Washington,Female,2004,22399,3107815,720.7
Washington,Female,2005,23242,3145396,738.9
Washington,Female,2006,23294,3200695,727.8
Washington,Female,2007,23857,3247800,734.6
Washington,Female,2008,24409,3293162,741.2
Washington,Female,2009,24109,3343920,721
Washington,Female,2010,23886,3374833,707.8
Washington,Female,2011,24650,3420356,720.7
Washington,Female,2012,24543,3455462,710.3
Washington,Female,2013,25291,3488736,724.9
Washington,Female,2014,25432,3531595,720.1
Washington,Female,2015,26792,3585353,747.3
Washington,Female,2016,26522,3646600,727.3
Washington,Female,2017,27540,3702270,743.9
Washington,Female,2018,27483,3765680,729.8
Washington,Female,2019,28070,3802910,738.1
Washington,Male,1999,21862,2907663,751.9
Washington,Male,2000,21857,2934300,744.9
Washington,Male,2001,22027,2983642,738.3
Washington,Male,2002,22624,3015607,750.2
Washington,Male,2003,22699,3038376,747.1
Washington,Male,2004,22371,3070830,728.5
Washington,Male,2005,22961,3111909,737.8
Washington,Male,2006,22826,3170058,720
Washington,Male,2007,23466,3213787,730.2
Washington,Male,2008,24218,3269069,740.8
Washington,Male,2009,24161,3323506,727
Washington,Male,2010,24260,3349707,724.2
Washington,Male,2011,25041,3409682,734.4
Washington,Male,2012,25562,3441550,742.7
Washington,Male,2013,25973,3482670,745.8
Washington,Male,2014,26667,3529935,755.5
Washington,Male,2015,27803,3584998,775.5
Washington,Male,2016,28247,3641400,775.7
Washington,Male,2017,29455,3703473,795.3
Washington,Male,2018,29394,3769911,779.7
Washington,Male,2019,30193,3811983,792.1
West Virginia,Female,1999,10786,931809,1157.5
West Virginia,Female,2000,10897,929174,1172.8
West Virginia,Female,2001,10829,923643,1172.4
West Virginia,Female,2002,10720,923841,1160.4
West Virginia,Female,2003,10960,925835,1183.8
West Virginia,Female,2004,10612,927027,1144.7
West Virginia,Female,2005,10553,927690,1137.6
West Virginia,Female,2006,10363,930605,1113.6
West Virginia,Female,2007,10485,932683,1124.2
West Virginia,Female,2008,10885,934911,1164.3
West Virginia,Female,2009,10639,937434,1134.9
West Virginia,Female,2010,10557,939408,1123.8
West Virginia,Female,2011,10816,940283,1150.3
West Virginia,Female,2012,10900,940008,1159.6
West Virginia,Female,2013,10765,938728,1146.8
West Virginia,Female,2014,10751,936411,1148.1
West Virginia,Female,2015,11168,933068,1196.9
West Virginia,Female,2016,11010,925159,1190.1
West Virginia,Female,2017,11290,917237,1230.9
West Virginia,Female,2018,11347,911492,1244.9
West Virginia,Female,2019,11236,904377,1242.4
West Virginia,Male,1999,10263,879990,1166.3
West Virginia,Male,2000,10217,879170,1162.1
West Virginia,Male,2001,10138,877838,1154.9
West Virginia,Male,2002,10296,881573,1167.9
West Virginia,Male,2003,10346,886460,1167.1
West Virginia,Male,2004,10181,889411,1144.7
West Virginia,Male,2005,10227,892802,1145.5
West Virginia,Male,2006,10309,897307,1148.9
West Virginia,Male,2007,10601,901369,1176.1
West Virginia,Male,2008,10672,905399,1178.7
West Virginia,Male,2009,10747,910341,1180.5
West Virginia,Male,2010,10718,913586,1173.2
West Virginia,Male,2011,11051,915081,1207.7
West Virginia,Male,2012,11015,915405,1203.3
West Virginia,Male,2013,11078,915576,1209.9
West Virginia,Male,2014,11435,913915,1251.2
West Virginia,Male,2015,11584,911060,1271.5
West Virginia,Male,2016,11722,905943,1293.9
West Virginia,Male,2017,11986,898620,1333.8
West Virginia,Male,2018,12131,894340,1356.4
West Virginia,Male,2019,12168,887770,1370.6
Wisconsin,Female,1999,23767,2701525,879.8
Wisconsin,Female,2000,23943,2714634,882
Wisconsin,Female,2001,23853,2733647,872.6
Wisconsin,Female,2002,24014,2751697,872.7
Wisconsin,Female,2003,23603,2766901,853
Wisconsin,Female,2004,23276,2782678,836.5
Wisconsin,Female,2005,23999,2797061,858
Wisconsin,Female,2006,23868,2812276,848.7
Wisconsin,Female,2007,23717,2827782,838.7
Wisconsin,Female,2008,23903,2842268,841
Wisconsin,Female,2009,23072,2856103,807.8
Wisconsin,Female,2010,24046,2864586,839.4
Wisconsin,Female,2011,24739,2875675,860.3
Wisconsin,Female,2012,24557,2883326,851.7
Wisconsin,Female,2013,25212,2890553,872.2
Wisconsin,Female,2014,25488,2898057,879.5
Wisconsin,Female,2015,25564,2903737,880.4
Wisconsin,Female,2016,25778,2905282,887.3
Wisconsin,Female,2017,25812,2912745,886.2
Wisconsin,Female,2018,26517,2921295,907.7
Wisconsin,Female,2019,26485,2925225,905.4
Wisconsin,Male,1999,22905,2631141,870.5
Wisconsin,Male,2000,22518,2649041,850
Wisconsin,Male,2001,22775,2673188,852
Wisconsin,Male,2002,22967,2693465,852.7
Wisconsin,Male,2003,22574,2712302,832.3
Wisconsin,Male,2004,22324,2731348,817.3
Wisconsin,Male,2005,22710,2749105,826.1
Wisconsin,Male,2006,22285,2765379,805.9
Wisconsin,Male,2007,22524,2782993,809.3
Wisconsin,Male,2008,22912,2798728,818.7
Wisconsin,Male,2009,22625,2813161,804.3
Wisconsin,Male,2010,23262,2822400,824.2
Wisconsin,Male,2011,23671,2836092,834.6
Wisconsin,Male,2012,23827,2843072,838.1
Wisconsin,Male,2013,24814,2852160,870
Wisconsin,Male,2014,24803,2859507,867.4
Wisconsin,Male,2015,25700,2867600,896.2
Wisconsin,Male,2016,26037,2873426,906.1
Wisconsin,Male,2017,26869,2882738,932.1
Wisconsin,Male,2018,27167,2892273,939.3
Wisconsin,Male,2019,27704,2897209,956.2
Wyoming,Female,1999,1974,244518,807.3
Wyoming,Female,2000,1945,245408,792.6
Wyoming,Female,2001,1971,245327,803.4
Wyoming,Female,2002,2040,247785,823.3
Wyoming,Female,2003,2027,249128,813.6
Wyoming,Female,2004,1978,251506,786.5
Wyoming,Female,2005,1963,253726,773.7
Wyoming,Female,2006,2072,257361,805.1
Wyoming,Female,2007,2054,262776,781.7
Wyoming,Female,2008,2059,267982,768.3
Wyoming,Female,2009,2021,274046,737.5
Wyoming,Female,2010,2185,276189,791.1
Wyoming,Female,2011,2058,278401,739.2
Wyoming,Female,2012,2119,282131,751.1
Wyoming,Female,2013,2102,285380,736.6
Wyoming,Female,2014,2192,286111,766.1
Wyoming,Female,2015,2228,287206,775.7
Wyoming,Female,2016,2208,286559,770.5
Wyoming,Female,2017,2229,283877,785.2
Wyoming,Female,2018,2394,283203,845.3
Wyoming,Female,2019,2323,284029,817.9
Wyoming,Male,1999,2068,247262,836.4
Wyoming,Male,2000,1975,248374,795.2
Wyoming,Male,2001,2058,249330,825.4
Wyoming,Male,2002,2134,252232,846
Wyoming,Male,2003,2145,254325,843.4
Wyoming,Male,2004,1977,257600,767.5
Wyoming,Male,2005,2136,260431,820.2
Wyoming,Male,2006,2239,265306,843.9
Wyoming,Male,2007,2212,272100,812.9
Wyoming,Male,2008,2168,278061,779.7
Wyoming,Male,2009,2262,285805,791.4
Wyoming,Male,2010,2253,287437,783.8
Wyoming,Male,2011,2329,289757,803.8
Wyoming,Male,2012,2362,294281,802.6
Wyoming,Male,2013,2414,297278,812
Wyoming,Male,2014,2474,298042,830.1
Wyoming,Male,2015,2550,298901,853.1
Wyoming,Male,2016,2514,298942,841
Wyoming,Male,2017,2539,295438,859.4
Wyoming,Male,2018,2676,294534,908.6
Wyoming,Male,2019,2798,294730,949.3
